tidak_baku,kata_baku
ngapaen,ngapain
woww,wow
aminn,amin
met,selamat
confass,pamer
confess,pamer
jpn,jepang
gue,saya
netaas,menetas
gassssss,gas
keberpa,keberapa
eeeehhhh,eh
kata2nyaaa,kata-katanya
hallo,halo
kaka,kakak
ka,kak
daah,dah
ln,luar_negeri
ma,sih
ae,aja
aaaaahhhh,ah
yaa,ya
smga,semoga
slalu,selalu
amiin,amin
kk,kakak
trus,terus
sii,sih
nyenengin,menyenangkan
bgt,banget
gemess,gemas
akuuu,aku
jgn,jangan
udah,sudah
gitu,begitu
aja,saja
gemesiin,menggemaskan
menyenangkn,menyenangkan
rb,ribu
akau,aku
saranin,menyarankan
nemuin,menemukan
yah,ya
mnis2nya,manis-manisnya
gtu,begitu
tu,itu
idolaa,idola
bangett,banget
kaakk,kak
baaiikkk,baik
telaatt,telat
kaak,kak
yg,yang
lg,lagi
skarang,sekarang
sempet,sempat
karna,karena
ngga,tidak
mantep,mantap
loohhh,loh
yeee,ya
baguuuuus,bagus
sampe,sampai
ngikutin,mengikuti
gayany,gayanya
bnk,bang
awaas,awas
siip,sip
abizzzz,habis
kerrrrennnn,keren
sayaa,saya
pengen,ingin
kpan,kapan
sma,sama
sdkit,sedikit
bngt,banget
lgu,lagu
bener2,benar-benar
kharismanya,karismanya
aq,aku
jdi,jadi
lgi,lagi
gk,tidak
kek,kayak
lgunya,lagunya
kereeeeennnn,keren
nyamain,menyamakan
lakik,laki
siippp,sip
bkn,bukan
gassssssss,gas
cung,ngacung
males,malas
iriiii,iri
gosah,gausah
bang,abang
skrg,sekarang
org,orang
bahka,bahkan
bhkn,bahkan
nyangka,menyangka
bangettt,banget
bdaaaaayyy, selamat ulang tahun 
kereeen,keren
wihhhhhh,wih
tp,tapi
inget,ingat
bingitsss,banget
dmn,dimana
bird,biru
kaloo,kalau
gimna,bagaimana
tuuh,tuh
nyebur,mencebur
yng,yang
dbuat,dibuat
kn,kan
pingin,ingin
bangcat,bangsat
yha,ya
waoohhh,wah
pngn,ingin
tmpt,tempat
dhe,deh
indahhh,indah
bgttt,banget
tuhh,tuh
berarto,berarti
ga,tidak
aamiin,amin
amiiinn,amin
dgn,dengan
aminnnn2,amin-amin
amiiiin,amin
aminnn,amin
amiend,amien
yaaa,ya
ameen,amin
aminnnn,amin
amiiinnn,amin
ngomong,mengomong
mamer,memamerkan
keles,kali
jelase,jelas
liat,lihat
uwakk,uwak
ntar,entar
bs,bisa
gini,begini
salfok,salah fokus
njir,anjir
piiink,pink
astgfrullah,astagfirullah
ko,kok
cd,celana dalam
gbs,tidak bisa
bhs,bahasa
yaaaaaa,ya
gak,tidak
bangshad,bangsat
stagahhhh,astaga
kpn,kapan
iooo,lo
dy,dia
d,ada
mslh,masalah
qt,kita
plampiasannn,pelampiasan
masalahh,masalah
tohh,toh
inghinn,ingin
dhi,di
mengherthii,mengerti
yanckh,yang
chelalyyu,selalu
therchakitty,tersakiti
mauuuuu,mau
kaliii,kali
bangat,banget
bkin,bikin
dongg,dong
yokkk,yuk
yu,yuk
sweger,segar
gantengg,ganteng
bingiit,banget
kebukaaa,terbuka
tpi,tapi
keliatan,kelihatan
yakk,ya
kayakk,kayak
asliii,asli
kyk,kayak
cntiknya,cantiknya
bat,banget
ngeliatnya,melihatnya
sll,selalu
bet,banget
njerr,anjir
bingiiittttzzzz,banget
k,kak
klo,kalau
dooong,dong
masi,masih
gni,begini
hdk,hendak
jugaa,juga
mksud,maksud
aj,saja
tetep,tetap
mbakx,mbaknya
syantik,cantik
kite,kita
pa,apa
mksd,maksud
bejilbbnya,berjilbabnya
masio,masih
yahhh,ya
makasih,terima kasih
leh,boleh
ugaaa,juga
jerewi,jerawat
ilang,hilang
jilbabnyaah,jilbabnya
yuuuk,yuk
warnaaa,warna
punyaaa,punya
cantiik,cantik
sukaaak,suka
kebayanyaa,kebayanya
mantes,memantas
merekaaaa,mereka
jugaaa,juga
gilaaaa,gila
tiga2nya,tiga-tiganya
lucuu,lucu
emessss,gemas
ucullllll,lucu
bangeettt,banget
gemesshh,gemas
apaaa,apa
ampuunn,ampun
ciuuuummmm,cium
mbil,sambil
ngmng,mengomong
ngemeng,mengomong
epe,apa
seehh,sih
yank,sayang
ucul,lucu
yahh,ya
gw,gue
ngakak,mengakak
astagfirrullah,astagfirullah
suerrr,suer
mnta,minta
syg,sayang
ntik,cantik
pny,punya
dapet,dapat
suru,suruh
lucuuuu,lucu
ketawakkkk,ketawa
kyanya,kayanya
bnget,banget
nakutin,menakutkan
malingg,maling
cocokk,cocok
niihh,nih
imutttttt,imut
satuuuuu,satu
sesekk,sesak
nafass,nafas
bgtt,banget
cintaaaaaaa,cinta
lucuk,lucu
ma,sama
duluu,dulu
megang,memegang
kawinin,mengawini
liatin,memperlihatkan
ny,nya
d,di
bdan,badan
nyaaa,nya
gemesin,menggemaskan
fotoin,memfoto
ngaku,mengaku
kaaa,kak
ganteng2,ganteng-ganteng
pcarny,pacarnya
kri,kiri
knpa,kenapa
pda,pada
cmn,cuman
gara2,gara-gara
garuk2,garuk-garuk
tembokk,tembok
namax,namanya
kiriii,kiri
bungkusin,bungkuskan
atu,satu
dehhhh,deh
kakk,kak
ngegantiin,menggantikan
alloh,allah
smpe,sampai
msh,masih
trsa,terasa
khadirannya,kehadirannya
fikiran,pikiran
hayalanku,khayalanku
bru,baru
nton,menonton
ngapain,mengapai
surgaa,surga
kangenn,kangen
kgn,kangen
kakkkkk,kak
rinduuuuuuuuu,rindu
ninggalin,meninggalkan
smg,semoga
terangkhn,terangkan
bgtttt,banget
knp,kenapa
tuk,untuk
slama,selama
orng,orang
bngunlah,bangunlah
bngun,bangun
ea,ya
qu,ku
hiri,hari
kalo,kalau
teman"ny,teman-temannya,
aza,saja
dr,dari
alm,almarhum
sie,sih
benet,benar
bangetttt,banget
tuu,tuh
skrang,sekarang
gda,tidak ada
gantiin,menggantikan
kta,kata
kklau,kalau
acra,acara
kasian,kasihan
yaaa ,ya
bnerr,benar
emk,emak
temenn,teman
pngenn,ingin
terkenall,terkenal
ajhh,saja
sungguh2,sungguh-sungguh
mnjadi,menjadi
shbt,sahabat
bner,benar
ktny,katanya
dimusiumin,dimuseumkan
bntu,bantu
dlu,dulu
udh,sudah
kangem,kangen
amiiin,amin
smua,semua
slmt,selamat
jln,jalan
mudh"an,mudah-mudahan,
tenny,tenang
sdh,sudah
tnya,tanya
blm,belum
td,tadi
sblm,sebelum
bole,boleh
lahhh,lah
maap,maaf
cm,cuma
kmrn,kemarin
wkt,waktu
ama,sama
ak,aku
lht,lihat
biasa2,biasa-biasa
mnrtkuu,menurutku
trs,terus
ikutin,mengikuti
jdwl,jadwal
wajiiib,wajib
aaaammmiiiinnnn,amin
dtnggu,ditunggu
jan,jangan
kunjungin,kunjungi
lagiiii,lagi
waktunyaaa,waktunya
diluangin,diluangkan
jga,juga
mimin,admin
istimewaaa,istimewa
blom,belum
nangis,menangis
ngaku",mengaku-ngaku,
diaa,dia
donkk,dong
kejawab,terjawab
yaaaa,ya
seru2an,seru-seruan
mohom,mohon
kebalas,terbalas
ikutin,ikuti
nyempetin,menyempatkan
wktunya,waktunya
kaaaa,kak
ngobrol,mengobrol
namain,menamai
bls,balas
ijap,ijab
kobul,kabul
co,cowok
pst,pasti
inggat,ingat
brdua,berdua
masing2,masih
sanggat,sangat
siipp,sip
laa,lah
dlm,dalam
hdup,hidup
hdp,hidup
kedpan,kedepan
smoga,semoga
mndaptkan,mendapatkan
nutup"in,menutup-nutupi,
liatin,perlihatkan
iyah,iya
sja,saja
kakkk,kak
za,saja
mulut2,mulut-mulut
peengn,ingin
tuch,tuh
muantteepp,mantap
cpt,cepat
mrit,merit
y,ya
ngapasih,mengapa sih
ni,ini
segitunya,sebegitunya
fto,foto
pke,pakai
sisain,menyisakan
slamt,selamat
nantiii,nanti
edaaan,edan
emg,memang
tunggu2,tunggu-tunggu
sehat2,sehat-sehat
ciyeeeeeee,cie
pantes,pantas
lairannya,kelahirannya
jmnya,jamnya
ajha,saja
nyaaaa,nya
nyari,mencari
amiien,amien
terbaikkk,terbaik
ayahh,ayah
ae,saja
ndak,indak
ngerti,mengerti
mrekaaaa,mereka
yaampuuuunnnn,ya ampun
nyanyiin,menyanyikan
ahhh,ah
pgen,ingin
tempt,tempat
kh,kah
bgini,begini
brani,berani
km,kamu
jalan2,jalan-jalan
asyikkkkk,asyik
iriiiii,iri
ngajak,mengajak
naaaaahh,nah
kka,kakak
yak,ya
ttep,tetap
sperti,seperti
jrang,jarang
msuk,masuk
gossip2.an,gosip-gosipan
makkk,mak
guee,gue
pengennn,ingin
gilzz,gila
nyaru,menyaru
gilaaa,gila
jd,jadi
kebarat2an,kebarat-baratan
ohh,oh
mantabs,mantab
jgan,jangan
mlu,malu
payahh,payah
ntaf,mantap
beneran,benaran
mudah"n,mudah-mudahan,
gada,tidak ada
milikin,memiliki
kamo,kamu
inih,ini
sukaaaa,suka
sukaaaaaa,suka
kirain,mengira
mehoonggggg,mahal
apikkkk,apik
yach,ya
kereenn,keren
ginii,begini
ayoook,ayo
yoiii,yoi
gituuu,begitu
iyaaa,iya
pgn,ingin
liptsk,lipstik
nyeplak,menjiplak
cw,cewek
kmarin,kemarin
mengncang,mengencang
tauu,tau
ksh,kasih
skrng,sekarang
mksh,terima kasih
ank,anak
skitar,sekitar
ktmu,ketemu
tmen,teman
ats,atas
donk,dong
heii,hai
diputusin,diputuskan
pcrnya,pacarnya
mnjual,menjual
ngadain,mengadakan
kkak,kakak
rekomendasiin,merekomendasikan
sihhh,sih
cooocok,cocok
mrip,mirip
mama.nyy,mamanya
bosenin,membosankan
kmu,kamu
bukn,bukan
sey,sih
cantikkk,cantik
banger,banget
kaa,kak
eakyu,waktu
cntik,cantik
kakanya,kakaknya
doeloe,dulu
cantikkkk,cantik
bngtt,banget
iyak,iya
malh,malah
mlah,malah
ngak,tidak
laki2,laki-laki
gag,tidak
fhotonya,fotonya
bleh,boleh
brp,berapa
tnggl,tanggal
tanteny,tantenya
ky,kaya
sklinyaa,sekalinya
ayoo,ayo
w,gue
dramaa,drama
niiih,nih
bisaa,bisa
lha,lah
dunk,dong
lihaat,lihat
yuwkkk,yuk
nnti,nanti
editannn,editan
mw,mau
thu,tuh
mai,mau
kamuu,kamu
pastii,pasti
bisaaa,bisa
kejuu,keju
kereen,keren
nama.a,namanya
kmauan,kemauan
ahhhh,ah
yuuuuk,yuk
dmana,dimana
disiniii,disini
cobaa,coba
bayangin,bayangkan
yaudh,ya sudah
dl,dulu
ajaaa,saja
tuhhh,tuh
amploppp,amplop
mo,mau
sayangg'',sayang-sayang
nantii,nanti
aminnnnn,amin
gakuat,tidak kuat
yukkkk,yuk
nged,banget
nantik,nanti
ksitu,kesitu
bangeett,banget
liad,lihat
kluarga,keluarga
biasahhh,biasa
tutorialx,tutorialnya
dpke,dipakai
fhoto,foto
kerenn,keren
binggo,banget
rekomndd,rekomendasi
bli2n,beli-belikan
bwt,buat
wado,waduh
guaa,gua
yaakkk,ya
bangetttttyt,banget
bangettttt,banget
bangg,bang
kangeeeeeeeeennnnnnnn,kangen
kaliannnnnn,kalian
rinduuuuuuuuuu,rindu
kangennnnnmnnnnnnnnnnnnnnnnn,kangen
kaliannnnnm,kalian
kangeeeeeeeeeeennnnn,kangen
kangennnnnnnnnnnnnnnn,kangen
kangennn,kangen
kaliannnnnnn,kalian
th2,tahun-tahun
smpt,sempat
blg,bilang
trserah,terserah
ad,ada
cwo,cowok
prnah,pernah
wlwpun,walaupun
trpsah,terpisah
klw,kalau
mmg,memang
prsatukn,persatukan
g,tidak
slh,salah
ngomng,mengomong
mdh2an,mudah-mudahan
sm,sama
skedar,sekadar
kangeeerrn,kangen
pulak,pula
terrrrbaik,terbaik
jorookknya,joroknya
ihhhhh,ih
padahall,padahal
jorokkkk,jorok
mualll,mual
klow,kalau
muke,muka
ajh,saja
taiiii,tahi
seneeeeeng,senang
nyesel,menyesal
besarin,membesarkan
tanyang,tayang
ber2,berdua
jngan,jangan
ngelarang,melarang
kerreeen,keren
pantess,pantas
bngettt,banget
baperr,bawa perasaan
sudh,sudah
sbr,sabar
pngen,ingin
nntn,menonton
ht,hati
pemainy,pemainnya
jg,juga
aqu,aku
ngeliat,melihat
baper,bawa perasaan
akn,akan
nyampe,sampai
kbawa,terbawa
bradegan,beradegan
amiiinnnn,amin
mlm,malam
nikahin,menikahi
hadeuh,aduh
nyambung,menyambung
liyat,lihat
krn,karena
sk,suka
adengan,adegan
engga,tidak
bingit,banget
dapetin,mendapati
model2,model-model
sitayngin,ditayangkan
cocokkk,cocok
mahhhh,mah
cocokny,cocoknya
iniw,ini
q,ku
setju,setuju
bnern,benaran
pcrn,pacaran
klian,kalian
cocokkkk,cocok
bngett,banget
abes,habis
br,baru
mksdny,maksudnya
brpa,berapa
ihh,ih
kesampean,kesampaian
beginiiii,begini
ntr,entar
beliin,membelikan
kya,kaya
keq,kek
ngerasa,merasa
sygkuu,sayangku
ngeselin,mengesalkan
baju'a,bajunya
gara'',gara-gara
teruss,terus
pokok'a,pokoknya
bg,bang
ubur2,ubur-ubur
kuyy,yuk
bentarr,bentar
dureen,duren
ajibb,ajib
mahall,mahal
yukk,yuk
niiihh,nih
imuuttt,imut
imuttzz,imut
nha,nya
konten2,konten-konten
rasain,rasai
daaaah,deh
asliiii,asli
cantiknnnnyaaaaaaa,cantiknya
yuuk,yuk
ngelihatnya,melihatnya
bdn,badan
na,nya
ibu2,ibu-ibu
lau,kau
cantikk,cantik
sexxi,seksi
bulet,bulat
ituu,itu
ngocok,mengocok
nyoba,mencoba
gn,begini
yaahhh,ya
kencqng,kencang
kra,kira
diginikan,dibeginikan
coret",coret-coret,
lahh,lah
gambarin,gambarkan
ngerii,ngeri
digambarin,digambarkan
klen,kalian
bangke,bangkai
kog,kok
liatnya,lihatnya
bedanyaaa,bedanya
negri,negeri
mbk,mbak
pgin,ingin
krudungan,kerudungan
ajaa,saja
maksutku,maksudku
kerennnnn,keren
njirr,anjir
jd'y,jadinya
manisnyaaaa,manisnya
thun,tahun
mbg,mbak
bangeet,banget
ngaco,mengaco
ngomen,mengomentari
kaaakk,kak
gituh,begitu
tenggah,tengah
uuuuuaaaaaaaaaappppppppppiiiiiiiiiiiiiiiiiikkkkkkkkkkkkkkkk,apik
kocakkkkkkkkkkkkkk,kocak
ksukaanmuuu,kesukaanmu
bagiii,bagi
ayooo,ayo
nontonx,menontonnya
dpn,depan
pi,tapi
penasarannnn,penasaran
gilakkkkkk,gila
mauuu,mau
nontoonnn,menonton
cepet2,cepat-cepat
kepingin,ingin
nontonnnn,menonton
deeek,dek
ntappp,mantap
deg2an,deg-degan
cyiiin,cinta
iyha,iya
kureeeen,keren
muantaap,mantap
pake,pakai
ngantri,mengantri
bli,beli
nraktir,mentraktir
nonton,menonton
sbnyak,sebanyak
penasaraaann,penasaran
ayoooo,ayo
nii,ini
nontonya,menontonnya
k,ke
kl,kalau
nunggu,menunggu
dpt,dapat
qta,kita
peen,ingin
lw,lu
gga,tidak
yaah,ya
asikkk,asik
gilak,gila
mcm,macam
ceritax,ceritanya
yoooiii,yoi
daah,deh
kuy,yuk
udahh,sudah
tauuuuu,tau
sabarrrrr,sabar
kqmu,kamu
banggain,banggakan
thn,tahun
pengan,ingin
sendeng,senang
simpen,simpan
gakk,tidak
bagiin,bagikan
nanggepin,menanggapi
kapn,kapan
barang2,barang-barang
kirimin,mengirimi
senengin,senangi
ngasih,mengasih
ampunnnn,ampun
bln,bulan
senengg,senang
teruzzz,terus
mantabb,mantab
sumpahh,sumpah
diluarann,diluaran
trbaik,terbaik
dlam,dalam
anjirrrr,anjir
jendess,janda
dh,deh
sichh,sih
namnya,namanya
geh,gih
nggak,tidak
22nya,dua-duanya
aduuhhh,aduh
miripp,mirip
silauuu,silau
waww,wow
uga,juga
njiirr,anjir
bgs,bagus
kesinii,kesini
gemay,gemas
dstu,disitu
wiiiihhhh,wih
samoga,semoga
kereennn,keren
wahh,wah
nyangkaa,menyangka
hasilnyaaa,hasilnya
dahhhh,dah
mudah2,mudah-mudah
jugaakk,juga
prnh,pernah
diapa2in,diapa-apai
yaak,ya
lhoo,loh
donx,dong
gthu,begitu
nda,indak
maauuu,mau
pacarrr,pacar
idamann,idaman
naturalllll,natural
bnyak,banyak
berntung,beruntung
merka,mereka
jln2,jalan-jalan
romntis,romantis
slamat,selamat
ulan,ulang
th,tahun
mngkin,mungkin
klau,kalau
diksi,dikasih
sipp,sip
taun,tahun
jugak,juga
nungguin,menunggu
ngeluarin,mengeluarkan
keciill,kecil
ughaa,juga
tante",tante-tante,
banged,banget
abeees,habis
kapan2,kapan-kapan
adain,mengadakan
bsa,bisa
bosen2,bosan-bosan
sempurnaaaaa,sempurna
kaan,kan
kece2,kece-kece
badaaiii,badai
beneraan,benaran
cantiiik,cantik
kuatttt,kuat
cantiiiiiiik,cantik
cantiknyaaa,cantiknya
bae2,baik-baik
bgd,banget
mb,mbak
catiiiiik,cantik
subahanallah,subhanallah
jaman2nya,jaman-jamannya
padet,padat
buktiin,buktikan
cantiq,cantik
pasien"nya,pasien-pasiennya,
lohh,loh
utk,untuk
keeeerrrreeeennnnnnnnn,keren
woow,wow
choker2,choker-choker
buktiin,membuktikan
hadirrr,hadir
hadirr,hadir
jelashh,jelas
sekali2,sekali-kali
mbaaa,mbak
temen,teman
hidupppp,hidup
nyebelin,menyebalkan
diliatnya,dilihatnya
abis2,habis-habis
gpp,tidak apa-apa
para2,parah-parah
bangeeet,banget
allahhhhhhh,allah
gemesnya,gemasnya
ilang2,hilang-hilang
kmi,kami
ngilangin,menghilangkan
tbuh,tubuh
itungan,hitungan
ledekin,ledeki
tmn2,teman-teman
repot2,repot-repot
oles2,oles-oles
ckup,cukup
dptkan,dapatkan
artis2,artis-artis
kalii,kali
ninggiin,meninggikan
baget,banget
dri,dari
kira2,kira-kira
lgsg,langsung
ngk,tidak
ahh,ah
pas2an,pas-pasan
balesin,membalas
gausah,tidak usah
sukaaa,suka
lutuna,lucunya
ciapa,siapa
gemesss,gemas
duhh,duh
terharuuu,terharu
alamii,alami
sampek,sampai
ckrng,sekarang
ngegemesin,menggemaskan
imoet,imut
imut2,imut-imut
jagain,jaga
yahbh,ya
msih,masih
macem2,macam-macam
neko2,neko-neko
sktika,seketika
lutu,lucu
wowwww,wow
massss,mas
kesiniii,kesini
keren",keren-keren,
jalan"nya,jalan-jalannya,
masyaallahhh,masyaallah
kerennn,keren
ksni,kesini
begok,bego
bkan,bukan
jgk,juga
bawak,bawa
it,itu
nti,nanti
pgi,pagi
keeeeeren,keren
baguusss,bagus
mna,mana
nahannnn,tahan
bagaatt,banget
gayannxa,gayanya
kereeeen,keren
uda,sudah
ngekeh,kekeh
xlian,kalian
b3,bertiga
ihhh,ih
lcu,lucu
pait,pahit
koplakkk,koplak
kerass,keras
yachhh,ya
gokil,gila
ngelihat,melihat
ngelawak,melawak
iiihhhhh,ih
nyolotinnnn,menyolot
beratttttttt,berat
cantiikkkk,cantik
hijaabbb,hijab
sekalii,sekali
smnagatin,menyemangati
pakek,pakai
kanapa,kenapa
cans,cantik
banhet,banget
bgttttttt,banget
blng,bilang
mngasi,mengasih
kmbang,kembang
pg,pagi
nie,ini
pla,pula
kw,kau
blakon,berlakon
sy,saya
nmpk,nampak
bngtzt,banget
lucukkkkk,lucu
sbelah,sebelah
baek,baik
ciusss,serius
palinf,paling
fav,favorit
maak,mak
ngakaaaakkk,mengakak
gokill,gila
kocakkkkkk,kocak
ngekek,mengekek
capee,cape
pegangin,memegang
nyender,menyandar
bener,benar
manjain,memanjakan
peleotin,meleot
bng,bang
termurahhhh,termurah
nyatakan,menyatakan
graaatiiiis,gratis
meriahh,meriah
cantikkkm,cantik
parahh,parah
bingits,banget
yuppss,ya
nyindir,menyindir
onoh,sono
bnyk,banyak
anakny,anaknya
staf2nya,staf-stafnya
begete,banget
aduhh,aduh
manteppp,mantap
hati2,hati-hati
jangan2,jangan-jangan
kata2nya,kata-katanya
ynk,sayang
nangis",menangis-nangis,
hati",hati-hati,
jangan",jangan-jangan,
emank,memang
jagain,menjaga
cr,cara
diemin,diamkan
hancurin,menghancurkan
ckp,cukup
mgkn,mungkin
ato,atau
diapain,diapakan
ms,masih
haragain,menghargai
cb,coba
nyakitin,menyakiti
jgn2,jangan-jangan
sbaiknya,sebaiknya
mngerti,mengerti
blajar,belajar
fakta2,fakta-fakta
spt,seperti
mnding,mending
nilai2,nilai-nilai
buka2,buka-buka
nyinyirin,nyinyir
pdhl,padahal
pd,pada
nyerang,menyerang
hrs,harus
mrk,mereka
trima,terima
ngomomg,mengomong
mang,memang
kbetulan,kebetulan
orgtuanya,orang tuanya
sbelum,sebelum
ngamatin,mengamati
ngintip,mengintip
stelah,setelah
sndiri,sendiri
ngintilin,mengintil
smnjak,semenjak
trbukti,terbukti
nyambet,menyambat
msk,masuk
krmh,ke rumah
rmh,rumah
bo'ong,bohong
eloo,lo
apa2nya,apa-apanya
goblokkk,goblok
sesatt,sesat
ibliss,iblis
elo,lo
kbiasaan,kebiasaan
hdpnya,hidupnya
lbh,lebih
byk,banyak
anknya,anaknya
tdr,tidur
sbuah,sebuah
anak2nya,anak-anaknya
tdnya,tadinya
ank2nya,anak-anaknya
milih,memilih
branjak,beranjak
ank2,anak-anak
masyarakay,masyarakat
mudah2an,mudah-mudahan
menegerti,mengerti
apa2,apa-apa
sok2,sok-sok
nasehatin,menasihati
ngaca,mengaca
ajah,saja
kakkkk,kak
slamet,selamat
ampe,sampai
nari,menari
ehh,eh
mf,maaf
ngcpin,mengucapkan
woowwww,wow
iaa,ya
kdg,kadang
kebagi,terbagi
nerusin,meneruskan
indo,indonesia
univ,universitas
maen,main
wihh,wih
tetapppp,tetap
gantenggg,ganteng
jakety,jaketnya
nggk,tidak
skli,sekali
kli,kali
ttp,tetap
pala,kepala
pusingggg,pusing
pucing,pusing
ihhhh,ih
maho,manusia homo
gantng,ganteng
alak,kepala
hilangv,hilang
bungggg,bung
gapap,tidak apa-apa
kyak,kayak
pling,paling
gokiiill,gila
busedh,buset
gokilnya,gilanya
duluuu,dulu
keceee,kece
nyaa,nya
klu,kalau
gilaa,gila
duuhhh,duh
amiiiiinnnnn,amin
dg,dengan
tullus,tulus
tw,tau
pluk,peluk
durhaka2,durhaka-durhaka
kpada,kepada
seburuk",seburuk-buruk,
ortu,orang tua
ktaa,kita
yup,ya
tdk,tidak
tetaplaah,tetaplah
q,aku
ajja,saja
dech,deh
oprasi,operasi
gya,gaya
kndung,kandung
sbg,sebagai
u,untuk
ksenangan,kesenangan
ddpt,didapat
jwab,jawab
mmbodohkan,membodohkan
orlaen,orang lain
bgtu,begitu
drpd,daripada
malem,malam
aplikasiin,mengaplikasikan
berangat,berangkat
praktekin,mempraktikkan
dahh,dah
gmn,bagaimana
omdo,omong doang
kate,kata
cabe2,cabe-cabe
prjuangan,perjuangan
kmewahan,kemewahan
stimpal,setimpal
ddpat,didapat
sprt,seperti
bc,baca
mnilai,menilai
kata2,kata-kata
usahh,usah
segala2nya,segala-galanya
sekarng,sekarang
sprti,seperti
masing2,masing-masing
mkanya,makanya
hay,hai
mreka,mereka
bhagia,bahagia
korek2,korek-korek
ngebales,membalas
krna,karena
sihh,sih
sasama,sesama
dahh,sudah
dehh,deh
cabe2an,cabe-cabean
terong2an,terong-terongan
seklian,sekalian
kluar,keluar
tuuu,itu
ngurusan,mengurusi
campurin,mencampuri
emnknya,memangnya
py,punya
unyuu,unyu
mrangkul,merangkul
adlh,adalah
wlo,walau
lh,lah
manusiy,manusia
tx,tak
samara,sakinah mawadah rahman
teringt,teringat
trmsuk,termasuk
dn,dan
pilihnmu,pilihanmu
swmntara,sementara
trmasuk,termasuk
orang2,orang-orang
sgt,sangat
liht,lihat
suaminy,suaminya
jadulnya,jaman dulunya
mantaff,mantap
ngata2in,mengata-ngatai
bagaimna,bagaimana
mulusssss,mulus
bgus,bagus
gmana,bagaimana
kpleset,kepleset
yawlah,ya allah
kepeleset,kepleset
kayanye,kayanya
amiinnnn,amin
komen2an,komen-komenan
wewww,wow
dumsss,dong
tar,entar
keq,kayak
perbaikin,memperbaiki
permasalhkan,permasalahkan
betul2,betul-betul
jauhin,jauhi
dateng,datang
adiik,adik
manisss,manis
besar",besar-besar,
masing",masing-masing,
ddlm,di dalam
kmbali,kembali
dkuburnya,dikuburnya
fi,di
ttg,tentang
rata2,rata-rata
lbih,lebih
critamu,ceritamu
ja,saja
dh,sudah
bres,beres
cmkn,camkan
diurusin,diurusi
biarin,biarkan
kale,kali
donks,dong
membanding",membanding-banding,
mengperbolehkan,memperbolehkan
krena,karena
ngri,negeri
dingin",dingin-dingin,
lma,lama
dibangga'in,dibangga-banggakan
ngebolehin,membolehkan
denger,dengar
jelek"in,menjelek-jelekkan,
stiap,setiap
gausa,tidak usah
maksain,memaksakan
smog,semoga
mnerima,menerima
baikxa,baiknya
aaamin,amin
amienn,amien
sekangen2,sekangen-kangen
kt,kita
amiiiiiiiiiinnnnnnn,amin
nolongin,menolong
amiiiiiiiiiiin,amin
seluru,seluruh
amiennn,amien
tebir,ribet
doangam,doang
tebir",ribet-ribet,
amad,amat
mkst,maksud
wong2,wong-wong
rempong,repot
ngurusin,mengurusi
kerjaan,pekerjaan
bingittzz,banget
bangets,banget
ikh,ih
dwh,deh
nengok,menengok
bante,bantai
la,lah
komenannya,komentarnya
hadapin,menghadapi
dengarin,mendengarkan
ush,usah
cock,cocok
widihh,waduh
mantepp,mantap
cita2,cita-cita
temen-temen,teman-teman
stu,satu
syratnya,syaratnya
pnjang,panjang
shat,sehat
inginkn,inginkan
belanjaa,belanja
burem,buram
tlp,telepon
dngan,dengan
ngerasain,merasai
kancang,kencang
tmbh,tambah
mansyoallah,masyaallah
skali,sekali
canttttikkk,cantik
subhanalloh,subhanallah
saranin,sarankan
lkuin,lakukan
langgenh,langgeng
foto2nya,foto-fotonya
tanggung2,tanggung-tanggung
salluutt,salut
pkai,pakai
org2,orang-orang
mkn,makin
seneng,senang
pdng,padang
warbiyasah,luar biasa
pk,pakai
keedaannya,keadaannya
lagu2,lagu-lagu
saya2,saya-saya
sekrng,sekarang
lagu2nya,lagu-lagunya
ttap,tetap
spertinya,sepertinya
mrah,marah
gra2,gara-gara
sngaja,sengaja
jlek,jelek
udah2,sudah-sudah
ungkit2,ungkit-ungkit
pura2,pura-pura
gatau,tidak tau
curhat2,curhat-curhat
matany,matanya
dteng,datang
mata'y,matanya
baju2,baju-baju
buruannn,buruan
emng,memang
perubut,perebut
sumai,suami
tk,tak
urusin,mengurusi
apah,apa
bagus2,bagus-bagus
say,sayang
mmbela,membela
mslhnya,masalahnya
hnya,hanya
sndri,sendiri
sj,saja
llki,lelaki
dluar,diluar
sna,sana
boleh2,boleh-boleh
dya,dia
maluuuu,malu
beda2,beda-beda
nyaranin,menyarankan
x,kali
tongolin,menongol
cabol,cabul
ape,apa
nyet,monyet
muna,munafik
jing,anjing
tot,entot
nihh,nih
hidiyah,hidayah
percya,percaya
bgi,bagi
tlg,tolong
sya,saya
sdri,sendiri
tdi,tadi
mgkin,mungkin
bhwa,bahwa
skaligus,sekaligus
y,saya
cek2,cek-cek
spti,seperti
smakin,semakin
sbgai,sebagai
mgk,mungkin
bgmn,bagaimana
sapa2,sapa-sapa
sama2,sama-sama
kyknya,kayaknya
pnya,punya
dng,dengan
termurahhh,termurah
bbrp,beberapa
bhw,bahwa
banyaaaaaak,banyak
baik2nya,baik-baiknya
tunjukan,tunjukkan
anak2mu,anak-anakmu
anak2,anak-anak
ngasih2,mengasih-ngasih
berfikir,berpikir
ni,nih
amit2,amit-amit
mba,mbak
elu,lu
ngajuin,mengajukan
tiba2,tiba-tiba
jkt,jakarta
terbaeq,terbaik
namany,namanya
jels,jelas
diakibtkn,diakibatkan
suk,suka
jelek2,jelek-jelek
dsrny,dasarnya
jkrta,jakarta
mantaap,mantap
benar2,benar-benar
main2,main-main
lanjutkaaaaan,lanjutkan
hiduppp,hidup
ncek,encek
majuuu,maju
teruuss,terus
kdg2,kadang-kadang
looohh,loh
sebelumbya,sebelumnya
tunjukin,tunjukkan
tahun",tahun-tahun,
koment,komentar
nyampein,menyampaikan
hokiii,hoki
naksir,menaksir
bangt",banget-banget,
nafkahin,menafkahi
ngitem,menghitam
banyaaaak,banyak
sama",sama-sama,
gx,tidak
lhat,lihat
cantika,cantik
cwek,cewek
kngen,kangen
fillm,film
sinet,sinetron
jendral,jenderal
nanya,tanya
maenya,mainnya
cantiks,cantik
wktu,waktu
pilm,film
taon,tahun
nd,indak
slah,salah
beliin,belikan
cini,sini
jaaangan,jangan
nambah,bertambah
naek,naik
terimaksih,terima kasih
inii,ini
kaannnn,kan
tidakkkk,tidak
kemuh,kamu
da,sudah
keren2,keren-keren
sby,surabaya
tgl,tanggal
pinginnn,ingin
buanget,banget
ketemuuu,ketemu
kebawa,terbawa
mimpiii,mimpi
wanjerrr,anjir
satupunn,satupun
motret,memotret
temen2,teman-teman
lapakk,lapak
nyeniii,menyeni
bget,banget
seeh,sih
abis,habis
deuhh,duh
b2an,berduaan
dihargain,dihargai
engga",tidak-tidak,
tahun2,tahun-tahun
lebayy,lebay
gilsss,gila
nganbek,mengambek
sukaa,suka
enk,enak
mendam,memendam
manta,mantan
relaaaa,rela
bgun,bangun
tdur,tidur
cntk,cantik
knl,kenal
anugrah,anugerah
slm,salam
kliatan,kelihatan
awoohhh,allah
cantiikk,cantik
gt,begitu
sbbyak,sebanyak
apun,apapun
nyangkutnya,menyangkutnya
untk,untuk
ampunnnnn,ampun
hy,hai
wadaaw,waduh
paraah,parah
sampw,sampai
dijelekin,dijelekkan
napa,kenapa
azeeeek,asik
ntikk,cantik
uhh,uh
mayan,lumayan
mnisss,manis
tambahim,tambahkan
tambahin,tambahkan
bener",benar-benar,
make,memakai
canttikkk,cantik
baanggeettt,banget
ap,apa
siiihh,sih
krpoooo,kepo
pengn,ingin
nyusul,menyusul
nyok,yuk
dekkk,dek
da,ada
ngiri,mengiri
mmang,memang
nentuin,menentukan
mnjmput,menjemput
ygs,sayang
mblooo,jomblo
ber'expresi,berekspresi
jdulnya,judulnya
ciumman,ciuman
aurot,aurat
laginy,laginya
nyaaaaaaaaaaaaa,nya
alkhamdulilah,alhamdulillah
ktnya,katanya
selaluu,selalu
anjirrr,anjir
ngeh,engah
amen,amin
qm,kamu
nahhh,nah
ngmngnya,mengomongnya
sampai2,sampai-sampai
hal2,hal-hal
komunitas2,komunitas-komunitas
fotony,fotonya
halllo,halo
ngiritya,mengiritnya
hematt,hemat
ciyeeee,cie
yeeee,ya
nget,banget
kususnya,khususnya
krm,kirim
sam,sama
ajaaahhhhh,saja
syediiihhh,sedih
malangg,malang
belooomm,belum
yaakk,ya
kebukti,terbukti
anak2e,anak-anaknya
tuwanya,tuanya
comen2nya,komen-komennya
pedesssss,pedas
jelas2,jelas-jelas
skg,sekarang
nyebut2,menyebut-nyebut
plg,pulang
smbil,sambil
hellooooooo,halo
ngrebut,merebut
mnjdi,menjadi
taek,tahi
lupain,melupakan
bangkret,bangkrut
taekk,tahi
lahhhhhh,lah
kedokk,kedok
mati"an,mati-matian,
nyimak,menyimak
komenx,komennya
serem2,seram-seram
ngumpet",mengumpet-ngumpet,
blim,belum
sekrang,sekarang
ngerebut,merebut
mnjijikaaaaaan,menjijikkan
astgfrlh,astagfirullah
sahabatt,sahabat
gnyngka,tidak menyangka
sendirir,sendiri
brengsekk,brengsek
ngomentnya,mengomentarinya
nusuk,menusuk
skr,sekarang
dpotong,dipotong
helo,halo
kmrin,kemarin
ngmgin,mengomongkan
bilangg,bilang
gkhianati,mengkhianati
kpd,kepada
hr,hari
sp,siapa
pljaran,pelajaran
spy,supaya
mngikuti,mengikuti
klkuan,kelakuan
dibikin2,dibikin-bikin
gimana,bagaimana
nnt,nanti
cew,cewek
cow,cowok
kasiannn,kasihan
syekaliii,sekali
hgga,hingga
cieeeee,cie
sholihah,salihah
adeuh,aduh
halahh,alah
luu,lu
yuuks,yuk
yoo,ayo
ginian,beginian
judulnyaa,judulnya
ayoookkkkkk,ayo
artix,artinya
cewe,cewek
cowo,cowok
lt,lantai
nama",nama-nama,
cwe,cewek
serem,seram
kepoin,mengepoi
keluarin,mengeluarkan
gajelas,tidak jelas
mbak2,mbak-mbak
pedes,pedas
komentnya,komentarnya
omongin,mengomongkan
ngalirrrrr,mengalir
idup,hidup
nmbah,bertambah
terossss,terus
ngehujat,menghujat
dosaa,dosa
ngebela,membela
seindonesiyah,seindonesia
seh,sih
senyumin,senyumi
mh,mah
ngalir,mengalir
ngrusak,merusak
px,punya
kslhn,kesalahan
skrngnya,sekarangnya
emang,memang
kalik,kali
bilangin,bilang
nyambungin,menyambung
sllu,selalu
scra,secara
nggali,menggali
cmpur,campur
dgr,dengar
kurng,kurang
nangiiiiis,menangis
nangiiis,menangis
ngomentarin,mengomentari
idupnya,hidupnya
ortunya,orang tuanya
woey,woy
bloghhh,goblok
ngomongin,mengomongkan
doank,doang
abal",abal-abal,
dikata2in,dikata-katai
ngehina,menghina
gmna,bagaimana
kebanggan,kebanggaan
dah,sudah
jngn,jangan
mnjawab,menjawab
woooiiiiiiii,woy
dosaaaaaaaaaa,dosa
ingt,ingat
karmaaa,karma
woooiiiii,woy
ngkkkkkk,mengakak
makny,maknya
wdooohhh,waduh
kasihn,kasihan
lhirr,lahir
hujatann,hujatan
palgi,apalagi
dh,dah
wihhh,wih
kakakkk,kakak
bagusss,bagus
jt,juta
ngets,banget
stp,setiap
penbelian,pembelian
cuaantik,cantik
sukakkk,suka
m,sama
cucokkk,cocok
lyt,lihat
expresi,ekspresi
natap,menatap
ccok,cocok
helloo,halo
dripada,daripada
difotoin,difoto
psangan,pasangan
cakepp,cakep
ngiriii,mengiri
coxok,cocok
buatin,buatkan
nihhh,nih
statusx,statusnya
cem,macam
yee,ya
sunggu,sungguh
lagiii,lagi
ammiiin,amin
haddeh,aduh
maaasss,mas
segerrrr,segar
kemn,kemana
suipit,sipit
sipiit,sipit
kedengeran,kedengaran
semangaatt,semangat
promil,program hamil
lancr,lancar
keputihn,keputihan
gratisss,gratis
km,kami
kebayang,terbayang
mdh",mudah-mudah,
bz,bisa
amiinn,amin
ammin,amin
mendapatkn,mendapatkan
lucuuuk,lucu
amaattt,amat
aje,saja
yaoloh,yaallah
ngerayain,merayakan
sotoy,sok tau
yok,yuk
buatin,membuat
d.bikinin,dibikin
mmz,mas
bikinin,bikin
bapeeeer,bawa perasaan
bikinin,membikin
keliatannya,kelihatannya
siih,sih
diginiin,dibeginikan
hadeehh,aduh
pu,punya
suamiiiii,suami
krenn,keren
kebykan,kebanyakan
tingal,tinggal
pernikahn,pernikahan
ngtain,mengatai
macem,macam
bagusnyeee,bagusnya
kemaren,kemarin
hmpir,hampir
liatnyaaa,lihatnya
waw,wow
mbuh,embuh
bsk,besok
waaa,wah
berbiiiiiihhh,barbie
canteek,cantik
teru,terus
nyatok,mencatok
nyampenya,sampainya
goncengin,boncengkan
kasi,kasih
dianterin,diantar
gebleg,geblek
dianterin,diantarkan
bosen,bosan
anterin,antar
ngantar,mengantar
nganterin,mengantarkan
mz,mas
nerima,menerima
ati2,hati-hati
yeuh,ya
kmn,kemana
anterin,antarkan
dianter,diantar
disupirin,disopiri
jidad,jidat
ciee,cie
novembr,november
hri,hari
bedain,membedakan
genduut,gendut
ehhh,eh
bertatto,bertato
brrt,berarti
kana,kanan
dtg,datang
doong,dong
sblah,sebelah
tauuu,tau
tengaj,tengah
ps,pas
gmpg,gampang
engk,tidak
apal,hapal
dak,indak
rupa2nya,rupa-rupanya
kembaq,kembar
tngh,tengah
mknya,makanya
prmpuan,perempuan
ketuker,tertukar
drimnanya,darimananya
cntikan,cantikan
edaaaan,edan
syp,siapa
bcnda,bercanda
uhhh,uh
bazengg,bajingan
haiii,hai
bosaan,bosan
gitu2,begitu-gitu
kmana2,kemana-mana
hrsnya,harusnya
sdg,sedang
komentar2,komentar-komentar
kenyataan2,kenyataan-kenyataan
silahkan,silakan
lwt,lewat
sukur2,sukur-sukur
baek2,baik-baik
cma,cuma
berbeda2,berbeda-beda
dibkatakan,dikatakan
doonk,dong
pengikuy,pengikut
ngmngin,mengomongkan
sblmnya,sebelumnya
maksd,maksud
adkah,adakah
menbelah,membelah
ayuk,ayo
mngira,mengira
bertolernsi,bertoleransi
slahkan,salahkan
tolernsi,toleransi
sbnarnya,sebenarnya
ingi,ingin
dah,deh
oalaaaa,walah
menjelekan,menjelekkan
hadeuuh,aduh
dikemanain,dikemanakan
aneh2,aneh-aneh
bpknya,bapaknya
baca2,baca-baca
jwb,jawab
komen2,komen-komen
sebelum2nya,sebelum-sebelumnya
sbagai,sebagai
sedihh,sedih
kangennnn,kangen
gndakan,gandakan
kangeeeeeeeenya,kangen
gaa,tidak
ganti'kn,menggantikan
tnang,tenang
amiiiiiiiiiiiiiiiiin,amin
kgeeeen,kangen
kangeenn,kangen
bangeeeet,banget
bsok,besok
hbis,habis
mti,mati
bngetttt,banget
kangeen,kangen
bgect,banget
kebaikan"y,kebaikannya,
dssi,disisi
kngenn,kangen
kangeeeeennn,kangen
lagii,lagi
dasyat,dahsyat
aer,air
bgni,begini
skalii,sekali
gg,tidak
dtinggl,ditinggal
terbaiiikkkkk,terbaik
murahhh,murah
pecahhg,pecah
kakakgh,kakak
terbaeeeek,terbaik
prempuan,perempuan
manteep,mantap
nggeh,engah
indonesiaaa,indonesia
inia,ini
maluu,malu
cobaaaa,coba
dehhh,deh
cepetan,cepatan
ntapsss,mantap
kamiiii,kami
smangat,semangat
qmu,kamu
sdkit2,sedikit-sedikit
tntg,tentang
penyakitny,penyakitnya
ngajarin,mengajari
laenny,lainnya
amiinnn,amin
scpatny,secepatnya
sampein,sampaikan
tuany,tuanya
doa2,doa-doa
pjg,panjang
adeeek,adek
bca,baca
netes,menetes
mataq,mataku
byangin,membayangkan
trjadi,terjadi
dposisi,diposisi
tanda2nya,tanda-tandanya
dijwb,dijawab
tmn2nya,teman-temannya
sayy,sayang
salaam,salam
ngajar,mengajar
fto2,foto-foto
laen,lain
dallam,dalam
tentanh,tentang
nangiss,menangis
nnton,menonton
kejadianny,kejadiannya
klg,keluarga
sayaang,sayang
msg2,masing-masing
pgnnya,penginnya
meluk,memeluk
siiihhh,sih
mupeng,muka ingin
caya,percaya
aduhhhhhhhhh,aduh
buseett,buset
mblo,jomblo
lucuuu,lucu
gagahx,gagahnya
miriiiip,mirip
kaliiii,kali
niru,meniru
bpkmu,bapakmu
sangt,sangat
baang,bang
gasih,tidak sih
yuu,yuk
yuuu,yuk
samaa,sama
ngademin,mengademkan
aahh,ah
makasi,terima kasih
looo,loh
Semua ada disini tuk keperluan Fashion,"tas & Sepatu..""",
keluarin,keluarkan
yokk,yuk
gils,gila
ono,sono
weeeh,wih
bagiin,membagikan
suksea,sukses
temenan,berteman
sehh,sih
deket,dekat
dekt,dekat
genggg,geng
yawloh,ya allah
bhnya,bahannya
loo,loh
samaaaa,sama
abanggku,abangku
sayanggg,sayang
dsni,disini
ciieeeeeee,cie
kokohh,engkoh
pdhal,padahal
takuttt,takut
yuks,yuk
pnjual,penjual
yh,ya
dung,dong
latian,latihan
aaaaaaakkk,ah
mauuuu,mau
soga,moga
tteh,teteh
sintron,sinetron
astagaa,astaga
ancurrr,hancur
iaa,iya
dblkang,dibelakang
yayang,sayang
gokillllll,gila
aplks,aplikasi
ska,suka
ktawa,ketawa
baguuus,bagus
kaaan,kan
ngepoin,mengepoi
uuhh,uh
beut,banget
njirrr,anjir
pengeeenn,ingin
dongggg,dong
hatii,hati
besook,besok
mauu,mau
gtuu,begitu
njayyy,anjay
maacih,terima kasih
tokayyy,tahi
to,tapi
mksdku,maksudku
gituin,begitukan
lgsung,langsung
cba,coba
nh,nih
ilang",hilang-hilang,
giniin,beginikan
ksini,kesini
kubarikan,kuberikan
ayank,sayang
anyeng,anjing
yankkk,sayang
cukurrr,cukur
gilaaaaaa,gila
yhaaa,ya
qaqaaaa,kakak
sayangkuuuuu,sayangku
kakakuuu,kakakku
banx,bang
edannn,edan
bape,bawa perasaan
artis",artis-artis,
ngelahirin,melahirkan
paksain,memaksa
biasaa,biasa
hub,hubungi
hubunggi,hubungi
loooh,loh
telimakacih,terima kasih
nerawang,menerawang
cantiiiik,cantik
didapet,didapat
tanya2,tanya-tanya
pede,percaya diri
kuningggg,kuning
nyolot,menyolot
kakk,kakak
elahh,alah
pnting,penting
bela2in,membela-bela
marah2an,marah-marahan
wlaupun,walaupun
syantiiiiikkkkkkkkkkkk,cantik
bwa",bawa-bawa,
agma,agama
hijabb,hijab
kerrennn,keren
ngetik,mengetik
ntah,entah
pan,kapan
mateeeek,mati
geetoo,begitu
sewain,menyewa
kokkk,kok
muluuu,melulu
yaaang,yang
iyaa,iya
gituu,begitu
yappp,ya
uwahhhhh,wah
bnr2,benar-benar
psgn,pasangan
ujg,ujung
rmbut,rambut
smp,sampai
kki,kaki
hayukk,hayo
ntab,mantab
atuhhh,atuh
yukss,yuk
lihaatttt,lihat
niiiihh,nih
liattt,lihat
cuyyy,cuy
gapernah,tidak pernah
liatiii,lihat
jombsss,jomblo
emesshhh,gemas
gemeessss,gemas
poollll,pol
gemesyak,gemas ya
bngttt,banget
ngegmesin,menggemaskan
hndak,hendak
hndk,hendak
iiih,ih
lutunaa,lucunya
abiz,habis
gemes,gemas
ngareppppp,mengharap
aamiinin,amin
imuutt,imut
abizzz,habis
tay,tahi
toketnya,teteknya
tumpe2,tumpah-tumpah
lenje,lenjeh
tuuuuh,tuh
cantinya,cantiknya
macam2,macam-macam
mbak",mbak-mbak,
ngatain,mengatai
mbaknyaahh,mbaknya
pyudara,payudara
ditutupin,ditutupi
bgitu,begitu
ngomongnya,mengomongnya
sich,sih
cantiik2,cantik-cantik
hati.a,hatinya
mk.a,makanya
mlt.a,mulutnya
nyerocooooos,mencerocos
kyk.a,kayaknya
sklh,sekolah
pljrn,pelajaran
srng,sering
ngilang,menghilang
dikatain,dikatai
maluuu,malu
ngalahin,mengalahkan
brisi,berisi
pkoknya,pokoknya
canti,cantik
astagfirullh,astagfirullah
nutupin,menutupi
hub,menghubungi
ori,orisinal
kakakaaaaaaaaaaaaaa,kakak
cantikkkkkkkk,cantik
batwc,banget
kamyuhhh,kamu
dbwh,dibawah
bukti2,bukti-bukti
senenggg,senang
FOLLOW? MY IG: @algaeslovania_premiumskincare1  WA:081210238087",homofon,
FOLLOW? MY IG: @algaeslovania_premiumskincare1  WA:081210238087",reduplikasi,
mao,mau
FOLLOW? MY IG: @algaeslovania_premiumskincare1  WA:081210238087",modifikasi vokal,
FOLLOW? MY IG: @algaeslovania_premiumskincare1  WA:081210238087",abreviasi,
FOLLOW? MY IG: @algaeslovania_premiumskincare1  WA:081210238087",zeroisasi,
murhan,murahan
FOLLOW? MY IG: @algaeslovania_premiumskincare1  WA:081210238087",anaptiksis,
prwtn,perawatan
wjh,wajah
bgettt,banget
mereka2,mereka-mereka
pakke,pakai
FOLLOW? MY IG: @algaeslovania_premiumskincare1  WA:081210238087",monoftongisasi,
dipake,dipakai
ktergantungan,ketergantungan
prwatn,perawatan
ngebuktiin,membuktikan
hslnya,hasilnya
awal2,awal-awal
setabil,stabil
maksih,terima kasih
gratiss,gratis
bbrpa,beberapa
gara",gara-gara,
benar",benar-benar,
ajaibb,ajaib
pokonya,pokoknya
setujuuu,setuju
digituin,dibegitukan
sekolahin,sekolahkan
ajarin,ajarkan
sendirii,sendiri
mrnghadapi,menghadapi
apalg,apalagi
naka,nakal
sdkt,sedikit
besar2in,besar-besarkan
bgmana,bagaimana
s*inetr*n,sinetron
mrusak,merusak
mndpt,mendapat
skt,sakit
sebnyak,sebanyak
terburu2,terburu-buru
baik2,baik-baik
nanya,bertanya
ngumpat2,mengumpat-ngumpat
nantangin,menantang
ngegampar,menggampar
ngelaporin,melaporkan
salahin,salahkan
gabisa,tidak bisa
konsekwensi,konsekuensi
muliany,mulianya
mungki,mungkin
lngsung,langsung
tsb,tersebut
t4,tempat
bacahalah,bacalah
dikerasin,dikerasi
gkkan,tidak akan
ngulangin,mengulangi
bedaa,beda
pnyaa,punya
bol3h,boleh
ngadu,mengadu
ketauan,ketahuan
dimarahin,dimarahi
nyelesain,menyelesaikan
troma,trauma
kerasin,kerasi
kamu2,kamu-kamu
cewer,jewer
bilanh,bilang
ngapain,mengapa
jwban,jawaban
nuduh,menuduh
ngatur,mengatur
rajin2,rajin-rajin
bacaaaa,baca
kekk,kayak
jungkiir,jungkir
gunaa,guna
bales2in,balas-membalas
orangg,orang
tauuuu,tau
byak,banyak
kepad,kepada
bantuanny,bantuannya
ttinggi,tinggi
perna,pernah
grgr,gara-gara
jari2,jari-jari
pukulin,pukuli
bengkak2,bengkak-bengkak
komentarin,komentari
bijak2,bijak-bijak
lama2,lama-lama
menurur,menurut
tipe2,tipe-tipe
diliat,dilihat
liatlah,lihatlah
teguran2,teguran-teguran
gr2,gara-gara
gamau,tidak mau
skolah,sekolah
pdahal,padahal
klas,kelas
tkut,takut
grunya,gurunya
pndah,pindah
liat2,lihat-lihat
masukin,memasukkan
dilindungin,dilindungi
kasiaannn,kasihan
miring2,miring-miring
tinggalin,tinggalkan
kaitannha,kaitannya
sud,sudah
pinter,pintar
rana,ranah
thdp,terhadap
scr,secara
justeru,justru
ngatai,mengatai
kln,kalian
sukak,suka
termuraaahhhh,termurah
brkunjun,berkunjung
suarranya,suaranya
bner",benar-benar,
iu,itu
bgussss,bagus
kmaren,kemarin
ambilin,mengambil
biasaaaa,biasa
luuuaar,luar
redho,ridho
rezki,rezeki
kepd,kepada
luaarrr,luar
biasaaa,biasa
jadilh,jadilah
bnr,benar
terhaaru,terharu
orrunya,orang tuanya
flm,film
kalok,kalau
adek2,adek-adek
loncatt,loncat
hampasss,hempas
tehh,teh
bunga2,bunga-bunga
apaaan,apaan
ampuuunn,ampun
daaah,dah
bangetttttt,banget
ituh,itu
cantiiikk,cantik
suaranyaaaaaa,suaranya
idoolaaa,idola
pulaa,pula
penyanyi2,penyanyi-penyanyi
wiih,wih
apaa,apa
miriip,mirip
allaahh,allah
ajahhh,saja
trims,terima kasih
dehat,sehat
salammmm,salam
hari2,hari-hari
sihat,sehat
buruann,buruan
rekomendain,rekomendasikan
trussss,terus
bangt,banget
cepet,cepat
pesen,pesan
boong,bohong
WA:081210238087",abreviasi,
WA:081210238087",anaptiksis,
WA:081210238087",monoftongisasi,
WA:081210238087",afiksasi,
prawatan,perawatan
mkin,makin
WA:081210238087",zeroisasi,
dimao,dimau
WA:081210238087",modifikasi vokal,
dijadiin,dijadikan
silahkn,silakan
kasiatnya,khasiatnya
minyak"an,minyak-minyakan,
suksess,sukses
prodak,produk
trasa,terasa
minpi,mimpi
bner2,benar-benar
mutihin,memutihkan
smster,semester
kmren,kemarin
ucull,lucu
ngomong",ngomong-ngomong,
udehh,sudah
syngnya,sayangnya
dipermainin,dipermainkan
kocakkk,kocak
dasarrr,dasar
waaaaw,wow
cannnnntikkkkkkk,cantik
mukax,mukanya
cantikx,cantiknya
fatanik,fanatik
protestin,protestan
kakau,kalau
marh,marah
emngnya,memangnya
cantiknyaa,cantiknya
darpada,daripada
cooooooocok,cocok
pkk,pakai
sling,saling
agama'ny,agamanya
bilng,bilang
prcy,percaya
lurusin,meluruskan
biri,biru
luco,lucu
ultha,ultah
batikk,batik
arab2,arab-arab
luchu,lucu
baguss,bagus
sedihhh,sedih
syang,sayang
ngasi,mengasih
naaaak,nak
astafirullah,astagfirullah
peragain,peragakan
shayyy,say
anjaayy,anjay
shay,say
ngilerrrr,mengiler
woyyy,woy
shaaaay,say
hempaass,hempas
sayyy,say
shayy,say
syantiek,cantik
njay,anjay
hehh,eh
cantik2,cantik-cantik
kam,kamu
ingeet,ingat
sblh,sebelah
nawarin,menawari
amiiiiin,amin
jauhhh,jauh
waaahhh,wah
ajakin,mengajak
mntn,mantan
ade,adek
luhhh,lu
yooookkk,yuk
jrnk,jarang
jelas",jelas-jelas,
kayax,kayak
dblkng,dibelakang
anjirr,anjir
mirippp,mirip
sangattt,sangat
iyap,iya
mayann,lumayan
autuhh,tau tuh
atutt,takut
ketara,tertara
giniii,begini
mbaaass,mbak
bund,bunda
bangeeettt,banget
almh,almarhumah
temenkuuh,temanku
suami'y,suaminya
bngeeeetttt,banget
entr,entar
kyax,kayak
cuantikkk,cantik
mksdnya,maksudnya
namain,namai
kaaaaaaaaaakkkkkkkkkkk,kak
kucing'y,kucingnya
nama'in,namai
panggilan'ya,panggilannya
panggilan'y,panggilannya
z,saja
kalw,kalau
tips2,tips-tips
alu,aku
ngerrrriiii,ngeri
ngriii,mengiri
amatt,amat
smpai,sampai
paksain,memaksakan
kox,kok
th,teh
tmbah,tambah
cntikk,cantik
pkee,pakai
smkin,semakin
amiiiiinnn,amin
bgmna,bagaimana
ssorg,seseorang
hdpn,hadapan
foto2,foto-foto
mnambh,menambah
ktaatan,ketaatan
stju,setuju
cantikkkkkk,cantik
dilepas2,dilepas-lepas
tehhh,teh
istiqomahhh,istikamah
tehhhh,teh
prodaknya,produknya
imutt,imut
amu,kamu
nahh,nah
mauuuuuuu,mau
jilbb,jilbab
tmn,teman
ndut,gendut
ngecek,mengecek
psti,pasti
penasarn,penasaran
cuyy,cuy
astauviruloh,astagfirullah
paaak,pak
diajarin,diajari
gawl,gaul
kecr,kece
iih,ih
laaaah,lah
aned,banget
gingsungny,gingsulnya
blh,boleh
cariin,carikan
kenceng,kencang
cuanti,cantik
mbanya,mbaknya
lh,boleh
knlan,kenalan
mbaakk,mbak
mrka,mereka
nyusahhin,menyusahkan
byaran,bayaran
wlawpun,walaupun
sedangkn,sedangkan
tnpa,tanpa
bnggain,banggakan
omongin,omongkan
nyusahin,menyusahkan
malu2in,malu-malui
dibanggain,dibanggakan
wlau,walau
komenan,komentar
bangga"in,membangga-banggakan,
krya,karya
bilang",bilang-bilang,
tinggall,tinggal
dmna,dimana
dripda,daripada
bangga2in,membangga-banggakan
dibnggain,dibanggakan
karya2,karya-karya
drimana,darimana
ngepake',memakai
gksalah,tidak salah
nuntut,menuntut
ngebiarin,membiarkan
bhas,bahas
lagu'y,lagunya
jadiin,jadikan
diem,diam
nyampah,menyampah
mba",mbak-mbak,
bukan'a,bukannya
tappi,tapi
kalli,kali
pacara,pacaran
ngerebut",merebut-rebut,
lluu,lu
mbaa,mbak
ngerussak,merusak
bela"in,membela-bela,
bellain,membela
kallo,kalau
coment,komen
dewassa,dewasa
comnet,komen
pikir",pikir-pikir,
kaya'a,kayanya
kuyyy,yuk
kitaa,kita
sgtu'y,sebegitunya
ngebelain,membela
tpii,tapi
karya",karya-karya,
do,di
cali,caci
penghrgaan,penghargaan
ajjh,saja
lbihh,lebih
baikk,baik
drii,dari
artist",artis-artis,
maki",maki-maki,
komentarin,mengomentari
sendirinnya,sendirinya
stidaknya,setidaknya
may,mau
trbaikk,terbaik
punn,pun
mengikutii,mengikuti
atassan,atasan
klauu,kalau
jngnn,jangan
so,sok
sendirinyya,sendirinya
frestasiii,prestasi
mst,mesti
add,ada
see,sih
sibukx,sibuknya
in,ini
katanyaa,katanya
lawaaaas,lawas
kocaaaak,kocak
syng,sayang
adenya,adeknya
pkoknyaa,pokoknya
dsana,disana
dua2nya,dua-duanya
sichhhhhhhhhh,sih
nampak,menampak
tetehh,teteh
nambah,menambah
kepoin,kepoi
wooowww,wow
cobain,coba
muga,moga
kenalin,mengenalkan
janka,jangka
wawwwww,wow
waaaww,wow
waaawwww,wow
mantapp,mantap
cobaaa,coba
kageet,kaget
bangettttttt,banget
oplas,operasi plastik
nambahh,bertambah
paripurnahh,paripurna
wanitah,wanita
indonesiaah,indonesia
cumn,cuman
gegra,gegara
brita,berita
fotbar,foto bareng
wajarrr,wajar
sngt,sangat
wk,waktu
bingiittt,banget
nampar,menampar
tukan,tukang
jatoh,jatuh
muka",muka-muka,
cantik2nya,cantik-cantiknya
sdgkn,sedangkan
apa",apa-apa,
mancungin,memancungkan
idung,hidung
kusem,kusam
drpada,daripada
kmar,kamar
diemm,diam
tnggu,tunggu
ketawain,mentertawakan
lohh,lo
yaelahhh,alah
sikap",sikap-sikap,
bales,balas
ampuun,ampun
ngejatuhin,manjatuhkan
ngelakuin,melakukan
gedeg,gedek
muka2,muka-muka
eey,eh
kslahan,kesalahan
ngata2in,mengatai-ngatai
perhatiam,perhatian
dibiarin,dibiarkan
sbnrny,sebenarnya
trjd,terjadi
mkir,memikir
hny,hanya
apalai,apalagi
bkal,bakal
saat2,saat-saat
nyadar,menyadari
nyadar,sadar
bka,buka
berani2,berani-berani
lucuuuuu,lucu
pipi'y,pipinya
gemmeeezzz,gemas
sukam,suka
menghilangkn,menghilangkan
mnjdkan,menjadikan
mudah2n,mudah-mudahan
stlh,setelah
soalx,soalnya
keche,kece
badaii,badai
btuh,butuh
ktanya,katanya
bebrp,beberapa
sblum,sebelum
santab,santap
salehah,salihah
mikirin,memikirkan
subhannallah,subhanallah
konsul,konsultasi
pengalam,pengalaman
poko,pokok
trun,turun
kuninggg,kuning
pinkkkk,pink
warnany,warnanya
seger,segar
senangat,semangat
msknya,masaknya
kerennnn,keren
ciptain,ciptakan
bagussss,bagus
sayangkuh,sayangku
gans,ganteng
kren,keren
babget,banget
dihh,dih
jadu,jadi
ksyngn,kesayangan
haru,harus
ngingetin,mengingatkan
narik,menarik
orang",orang-orang,
gokilll,gila
astagaaaa,astaga
hancuuuuuy,hancur
mattihhh,mati
beudd,banget
termiribkan,termiripkan
u,lu
dngerin,mendengarkan
brrti,berarti
wenakk,enak
nganteng,ganteng
abanggg,abang
seksii,seksi
gtuh,begitu
jadii,jadi
emeezzz,gemas
amohhh,kamu
maau,mau
eyke,aku
gilakkkkk,gila
awk,awak
duhhhhh,duh
wowww,wow
liaatt,lihat
iniiiii,ini
aloh,allah
ngettt,banget
maso,masa
brubah,berubah
pelastik,plastik
keak,kayak
dengerin,dengarkan
beud,banget
pahamin,pahami
takuuuuut,takut
ahahahanjirrr,anjir
jogetin,berjoget
shaay,say
boker,berak
pacarnyaa,pacarnya
siapaa,siapa
matii,mati
ketawaa,ketawa
wanjiir,anjir
bw,bawa
minta,meminta
bnran,benaran
sgla,segala
uitnya,duitnya
beliiin,belikan
yaaah,ya
sekaeang,sekarang
tgk,tengok
bkn,bikin
tanyain,tanyakan
jatuhnyaa,jatuhnya
banyakin,membanyaki
tipu2nya,tipu-tipunya
doaang,doang
gituan,begituan
kaj,kak
wahhhhhh,wah
iiiiiiiii,ih
kaliiiiiii,kali
melebihin,melebihi
gakpapa,tidak apa-apa
kalogak,kalau tidak
sm2,sama-sama
ndukung,mendukung
kaaaaa,kak
aamiinnn,amin
skluarga,sekeluarga
suaminga,suaminya
berhijap,berhijab
smgaa,semoga
istiqamah,istikamah
cuaaantikk,cantik
muraaaaah,murah
baraang,barang
aamiiin,amin
bets,banget
alhamdulillaaaaah,alhamdulillah
sembuhin,menyembuhkan
pengrusak,perusak
ngoceh,mengoceh
aduhhh,aduh
hpus,hapus
pjang,pajang
bdampingan,berdampingan
kaga,kagak
uih,uh
serem",seram-seram,
happi",hepi-hepi,
bgtuu,begitu
mff,maaf
ktwa,ketawa
trlalu,terlalu
jjur,jujur
ngmg,mengomong
semogaa,semoga
kepelesett,terpeleset
geeelaakk,gila
bolang,bocah petualang
pkek,pakai
lagihh,lagi
hedeuuhh,aduh
stress,stres
saltummmm,salah kostum
mboizzz,bois
suda,sudah
kayaq,kayak
ema,emak
dirumahny,dirumahnya
yuh,tuh
rmbt,rambut
apus,hapus
siapayahh,siapa ya
kostom,kostum
loo,lo
gnii,begini
atuu,satu
pipinyaaa,pipinya
bungkuuuuuuuuusss,bungkus
iiiihhhhhj,ih
emeessss,gemas
pipine,pipinya
glembeeeer,gelambir
lucunaaa,lucunya
cubanget,lucu banget
pengenn,ingin
unyuuk,unyu
dedek,adek
lucunyah,lucunya
mantaaap,mantap
keduaa,kedua
trsrh,terserah
ksih,kasih
seterong,setrong
teyuss,terus
dimasukin,dimasuki
jelekin,menjelekkan
jahatin,menjahati
masukin,memasuki
tai,tahi
gtw,tidak tau
qo,kok
nulis,menulis
nyebutin,menyebutkan
ngertiin,mengerti
rasaiin,rasai
gakusah,tidak usah
disni,disini
sabarrr,sabar
semangaatttt,semangat
nyalahin,menyalahkan
bedainnya,membedakannya
keknya,kayaknya
krus,kurus
elaaaahhhh,alah
cogan,cowok ganteng
tap8,tapi
pandanginya,memandanginya
kenaliiin,kenalkan
banyak2,banyak-banyak
yo,ya
suko,suka
niih,nih
sihhhh,sih
sebaik",sebaik-baik,
segtu,sebegitu
ngebenci,membenci
bakar2in,bakar-bakari
padhe,pakde
yya,ya
atw,atau
dosa2mu,dosa-dosamu
maafin,memaafi
gile,gila
ujung2,ujung-ujung
dalem2,dalam-dalam
kgak,kagak
bahas2,bahas-bahas
ud,sudah
woles,selow
hianatin,khianati
halangin,halangi
iyuh,ih
iyuuuhhhh,ih
gaje,tidak jelas
gabakal,tidak bakal
adapin,menghadapi
ngehakimi,menghakimi
ngejuangin,memperjuangkan
dipojokin,dipojokkan
bacotin,bacoti
berati,berarti
kebangetak,kebangetan
tangkep,tangkap
bt,buat
sadis2,sadis-sadis
maksir,menaksir
hebatt,hebat
pndang,pandang
pmbelajaran,pembelajaran
ngejelek,menjelekkan
maslah,masalah
mmperbaiki,memperbaiki
nahan,menahan
kafeh,kafe
remang2,remang-remang
mlh,malah
tinggl,tinggal
dirmh,dirumah
iyuuhhh,ih
ktika,ketika
dipuja2,dipuja-puja
ngrasain,merasai
ityl,itil
hbs,habis
marah2,marah-marah
wenak,enak
ngarang,mengarang
kelas'a,kelasnya
hadeeehhh,aduh
kecil",kecil-kecil,
gtu"an,begitu-gituan,
gmanapun,bagaimanapun
kr,kira
nenek2,nenek-nenek
taux,taunya
urat2nya,urat-uratnya
ketarik,tertarik
ngorbanin,mengorbankan
eksprsi,ekspresi
gitulah,begitulah
foto",foto-foto,
mamas,mas
bandingin,bandingkan
tua2,tua-tua
terus2an,terus-terusan
waduhh,waduh
bawa",bawa-bawa,
badingkan,membandingkan
ngurus,mengurus
lanjutin,lanjutkan
ributin,meributkan
brantem,berantem
belain,membela
lipetan,lipatan
nenek",nenek-nenek,
bneraan,benaran
kageeet,kaget
sangaaattt,sangat
rmbuut,rambut
nt,nanti
walik,balik
oma2,oma-oma
kellen,kalian
nyerocos,mencerocos
ibuk2,ibu-ibu
ngomenin,mengomentari
iseng2,iseng-iseng
niyyyyhhhh,nih
sexi2,seksi-seksi
blik,balik
kenape,kenapa
ladenin,meladeni
skit,sakit
hat,hati
jilbabnye,jilbabnya
ledkin,meledeki
digabtikan,digantikan
jng,jangan
ngumung,mengomong
ilang-in,hilangkan
prinadi,pribadi
luh,lu
yep,ya
helooooo,halo
loe,lo
palingann,palingan
berjinah,berzina
munaafikk,munafik
urusn,urusan
saudra,saudara
trganggu,terganggu
bhijab,berhijab
lepasin,melepas
smentara,sementara
dengerin,mendengarkan
waduhhh,waduh
ursan,urusan
sudab,sudah
dwsa,dewasa
rpt2,repot-repot
ngaji,mengaji
nmr,nomor
romantiz,romantis
murmer,murah meriah
pensaran,penasaran
baru2,baru-baru
yuukk,yuk
kitaaa,kita
lainnyaa,lainnya
perbulannn,perbulan
penyebab2,penyebab-penyebab
nyupir,menyopir
steess,stres
kwatir,kawatir
tengah2,tengah-tengah
duetin,duet
mudaa,muda
sebenernya,sebenarnya
silsturahmi,silaturahmi
dijkt,dijakarta
cums,cuma
undangan2,undangan-undangan
past,pasti
ayukk,yuk
ngucapin,mengucapkan
filmny,filmnya
ntn,menonton
nobar,menonton bareng
kemariin,kemarin
knpp,kenapa
lggi,lagi
gaprgi,tidak pergi
aaahh,ah
pa2,apa-apa
dtunggu,ditunggu
masa2,masa-masa
kepikir,terpikir
seruuu,seru
emeshh,gemas
kaya,kayak
astagaaaaaa,astaga
pacarn,pacaran
ktg,kita
pacaranya,pacarannya
mbaak,mbak
ngalah,mengalah
de,dek
pacarane,pacarannya
rusakkk,rusak
yaaampunnn,ya ampun
tuwek,tua
mukae,mukanya
ultahe,ultahnya
kliatanya,kelihatannya
pcaranya,pacarannya
bermaksut,bermaksud
tampialannya,tampilannya
nikaah,nikah
anak",anak-anak,
pankapan,kapan-kapan
ngumbar,mengumbar
dhpusin,dihapuskan
istiqomah,istikamah
mnutup,menutup
bngatt,banget
dii,di
ooh,oh
hapusin,hapuskan
lohhh,loh
ngeuh,engah
sneng,senang
mutusin,memutuskan
ngapus,menghapus
awl,awal
hrus,harus
bngkit,bangkit
mncoba,mencoba
wahhh,wah
mutuain,memutuskan
smw,semua
geuliiiiiiis,geulis
euyyyyy,euy
widihh,idih
uuh,uh
ngirim,mengirim
ngidam,mengidam
waah,wah
sampis,sampah habis
maapin,maaf
ngebala,bala
mampuussss,mampus
diihhhh,dih
hrusnya,harusnya
sabal,sabar
udahlah,sudahlah
kauuuu,kau
sabaro,sabar
eehhh,eh
nyadar,menyadar
iiii,ih
kreative,kreatif
bangrt,banget
azekkkk,asik
kuaaatt,kuat
bhet,banget
inggrisny,inggrisnya
dsna,disana
iyaap,iya
mksih,terima kasih
nga,tidak
canyk,cantik
prodac,produk
nyesell,menyesal
ciyusss,serius
de,deh
cyin,cinta
bangetttttttt,banget
sexi,seksi
bundaaaa,bunda
bangget,banget
bettt,banget
cantiiillx,cantik
brapa,berapa
alaami,alami
sabaarrr,sabar
cantiiiikk,cantik
bangeeeeetttt,banget
cannntikk,cantik
banggett,banget
thnan,tahunan
cuantik,cantik
segerr,segar
wouww,wow
cantiiikkk,cantik
pen,ingin
catokin,catok
ikut2an,ikut-ikutan
comment2nya,komentar-komentarnya
teman2,teman-teman
besar2an,besar-besaran
knsul,konsultasi
brhasil,berhasil
hilangin,menghilangkan
kereeeeen,keren
bngeet,banget
gemesinnnnn,menggemaskan
ongkiir,ongkir
ajaibbbbb,ajaib
saayyyyy,say
lohhhh,loh
ganteung,ganteng
bhgia,bahagia
iiiiiiiiii,ih
lucuukk,lucu
keciil,kecil
yakinn,yakin
pentass,pentas
ngarep,mengharap
kepoin,kepo
lucu2,lucu-lucu
yoo,ya
testinya,testimoninya
mengirusi,mengurusi
khdpn,kehidupan
ngelawan,melawan
betuuuuulllllllllllllllll,betul
bisax,bisanya
klmbutan,kelembutan
seburuk2,seburuk-buruk
diingetin,diingatkan
ngeriiiiii,ngeri
nich,nih
akhlah,akhlak
elo2,lo-lo
mandiin,memandikan
nguburin,menguburkan
ngebedain,membedakan
urusanny,urusannya
tuhanny,tuhannya
brtngkar,bertengkar
pndapat,pendapat
nmbah,menambah
looh,loh
sharusnya,seharusnya
mngkannya,mangkanya
nyia2in,menyia-nyiakan
brarti,berarti
mndpat,mendapat
kpuasan,kepuasan
sgampang,segampang
mlepaskan,melepaskan
trll,terlalu
sndr,sendiri
sellow,selow
sbbrnya,sebenarnya
kasar2,kasar-kasar
semangattt,semangat
testi,testimoni
banyaak,banyak
bujukk,bujuk
d.apa,diapa
apain,apai
dsar,dasar
y,nya
benetaran,benaran
bneran,benaran
si,sih
kraya,karya
brg,bareng
ngebantu,membantu
kenalin,kenalkan
janjutin,lanjutkan
kepppoin,kepoi
recommendasi,rekomendasi
btulan,betulan
kha,kah
s,si
s,sih
tutupin,menutupi
wik,wig
ithu,itu
botakin,botaki
botakkkk,botak
bnrn,benaran
week,wig
gawul,gaul
modes,modis
brayyy,bray
kcantikan,kecantikan
bronis,brondong manis
gapunya,tidak punya
bkln,bakalan
kecantikanga,kecantikannya
hiii,hai
piiiilih,pilih
deeh,deh
zama,zaman
gnti,ganti
nmnya,namanya
tapo,tapi
gkk,tidak
petinggi2,petinggi-petinggi
wota2,wota-wota
indefendet,independen
tempat2,tempat-tempat
taik,tahi
yuuuukkk,yuk
dituutup,ditutup
ngayal,mengkhayal
smvk,sempak
knyataan,kenyataan
njrittt,anjir
selmt,selamat
taz,atas
klhran,kelahiran
pertma,pertama
kelahuran,kelahiran
pertamany,pertamanya
mamax,mamanya
ankx,anaknya
cantip,cantik
klahiran,kelahiran
slmat,selamat
mmbanggakan,membanggakan
ortuny,orang tuanya
selmat,selamat
bnda,bunda
nyah,nya
prtamax,pertamanya
moqa,moga
yq,yang
brbakti,berbakti
gewlaaaaa,gila
basodaraa,bersaudara
hargs,harga
perhatiin,perhatikan
abal2,abal-abal
bantuim,bantu
adl,adalah
pelwak,pelawak
suces,sukses
sucses,sukses
garemin,garami
gapake,tidak pakai
ngiringan,mengiringi
karir.a,karirnya
aamin,amin
teruz,terus
kemarn,kemarin
cobain,mencoba
recomendasinya,rekomendasinya
promoo,promo
ongkirr,ongkir
mskasih,terima kasih
wowwwww,wow
seeeemua,semua
rekomendasiin,rekomendasikan
nyaranin,menyarani
batesin,batasi
bijin,bikin
pd,percaya diri
ngeidealin,mengidealkan
bhn,bahan
gasalah,tidak salah
brsma,bersama
le,boleh
ugha,juga
semuaaa,semua
heeee,hai
rame2,rame-rame
yam,ya
kartunin,kartun
kta,kita
kyaknya,kayaknya
abez,habis
baaaaaang,bang
ganteeeeng,ganteng
entahhh,entah
gimanaaaa,bagaimana
duuhh,duh
gantengnyaaaa,gantengnya
kpn2,kapan-kapan
pans,fan
kuliyh,kuliah
gantengkuuuuuu,gantengku
atassss,atas
orgny,orangnya
owalaah,walah
aslinyo,aslinya
alissnyaa,alisnya
masaaaa,masa
komuk,muka
kalahnye,kalahnya
maapin,maafi
iyaaaa,iya
fakultass,fakultas
smrg,semarang
unyu2,unyu-unyu
koq,kok
yyaaa,ya
insonniaaa,insomnia
adekx,adeknya
azaab,azab
gksi,tidak sih
greged,greget
alamiii,alami
ktemu,ketemu
ditayangin,ditayangkan
ms",masa-masa,
meranin,memerankan
nontonny,menontonnya
rekomendasiiin,merekomendasikan
sista2,sista-sista
agan2,agan-agan
ngg,tidak
nanget,banget
ngeditnya,mengeditnya
himana,bagaimana
kekgini,kayak begini
subhanaallahh,subhanallah
sangat2,sangat-sangat
terharuuuu,terharu
kata",kata-kata,
subhanallahhh,subhanallah
tlsn,tulisan
nagiss,menangis
aneut,banget
trrharu,terharu
subhnallah,subhanallah
allahh,allah
suamiii,suami
dcintai,dicintai
klrga,keluarga
liat'y,lihatnya
lggeng,langgeng
romantisny,romatisnya
duhhh,duh
pcar,pacar
kakanga,kakaknya
slw,selow
cpa,siapa
akuu,aku
aelah,alah
orabg,orang
mukanyaa,mukanya
kakakny,kakaknya
woooyy,woy
ngelucu,melucu
bukak,buka
mato,mata
kareno,karena
cino,cina
munafikk,munafik
meker,mikir
indoneaia,indonesia
benarin,membenarkan
jaadii,jadi
apo,apa
nyo,nya
miara,memiara
jalanani,menjalani
dalil2,dalil-dalil
sunah2,sunah-sunah
sdah,sudah
benda2,benda-benda
bilang2,bilang-bilang
emangnya,memangnya
rumpiin,rumpi
hotak,botak
ikut2,ikut-ikut
ciptain,menciptakan
jawabanny,jawabannya
urusin,urus
ajj,saja
mikir2,memikir-mikir
melihara,memelihara
oooh,oh
hidupx,hidupnya
ngefans,fan
lsg,langsung
uztad,ustad
anjingnyaa,anjingnya
pegang2,pegang-pegang
ilmh,ilmu
menasehati,menasihati
suka2,suka-suka
kelus,kali
hubngan,hubungan
koclak,kocak
bju,baju
cinggirnyaaaa,cinggirnya
yahhhh,ya
miripppp,mirip
sedikitlaahh,sedikitlah
miriplahhhhhh,miriplah
syediih,sedih
mirp,mirip
baju.a,bajunya
wiiiihhhhhhhhh,wih
gantheng,ganteng
synk,sayang
ngfans,fan
miriiippp,mirip
idungnya,hidungnya
wooow,wow
panglingg,pangling
artisnyaa,artisnya
dtggu,ditunggu
trnyata,ternyata
bgtttttttt,banget
rapih,rapi
buuun,bun
iyaappps,iya
sukse,sukses
nih2,nih-nih
baruu,baru
kecptan,kecepatan
rmbutnya,rambutnya
giti,begitu
penganten,pengantin
wrn,warna
ne,ini
cantikkkkk,cantik
fans,fan
loksyut,lokasi syuting
amfun,ampun
k',kak
asuuu,asu
kuu,ku
dsini,disini
dibls,dibalas
ceklist,ceklis
terusss,terus
tlvn,telepon
trkrim,terkirim
kelaluan,kelakuan
guanteng,ganteng
cucok,cocok
c,sih
gueee,gue
semangatt,semangat
haduh,aduh
mlz,malas
emak2,emak-emak
tante2,tante-tante
kepoh,kepo
jalanin,menjalani
repong,repot
thu,itu
ngrusin,mengurusi
iy,iya
dnk,dong
senyumna,senyumnya
ngejelek2in,menjelek-jelekkan
hotx,hotnya
cwnya,ceweknya
mbaaahhh,mbah
pasangn,pasangan
sttus,status
aama,sama
hadeuuhhhh,aduh
lebar2,lebar-lebar
sstu,sesuatu
serasiii,serasi
cocokx,cocoknya
emakx,emaknya
iniiiiiiiiiiiiiii,ini
cocookk,cocok
kll,kalau
arghhh,ah
ungkapin,ungkapkan
merrid,merit
neh,nih
cocokkkkk,cocok
yaolohh,ya allah
aee,saja
naggung,menanggung
battt,banget
am,sama
tah,teh
luthuna,lucunya
astagaaa,astaga
suaraynyaa,suaranya
duanyaa,duanya
anjayyyy,anjay
coeggg,coeg
ancur,hancur
koplak,kocak
uaaasssiiiik,asik
boss,bos
nyubit,mencubit
dede,adek
gemez,gemas
tium,cium
gemeeezzzz,gemas
ppa,papa
papahhhnya,papahnya
duuuhh,duh
ginting,ganteng
bingiiittzz,banget
iiihh,ih
dedeknya,adeknya
hadeeuh,aduh
geneeee,begini
yooow,ya
gemezz,gemas
gayax,gayanya
infpyunnnn,ampun
paraaah,parah
papiii,papi
kamunyaa,kamunya
ngambek,mengambek
haduuuh,aduh
kapaan,kapan
nginjek,menginjak
putihnyaa,putihnya
rasain,merasai
ituuuu,itu
omaaaaaaakk,oma
loncattt,loncat
didatengin,didatangi
abg,abang
kmariiin,kemarin
ayoklaa,ayolah
jelasssss,jelas
kaliiin,kalian
ujunggg,ujung
kaakaaaa,kakak
srruu,seru
kannn,kan
jmpaaaa,jumpa
yukkk,yuk
haii,hai
syukaaakkk,suka
dengeeriin,dengarkan
yakaliiiii,yakali
atuhh,atuh
ngertii,mengerti
nyanyiin,nyanyikan
nyanyiin,menyanyi
apalgi,apalagi
akuh,aku
mesrany,mesranya
jendes,janda
ngggk,tidak
coccokk,cocok
msa,masa
jendesss,janda
klepek2,klepek-klepek
bngtttt,banget
ponakn,ponakan
tantee,tante
gadiss,gadis
tpy,tapi
jnda,janda
bngy,banget
bujngn,bujangan
ngp,mengapa
padetan,padatan
bawa2,bawa-bawa
dapetin,mendapatkan
nyobain,mencoba
pcaran,pacaran
or,orang
tdak,tidak
prcuma,percuma
coment,komentar
langgengggg,langgeng
sekaliiiii,sekali
anehhh,aneh
hayal,khayal
bedua,berdua
bapeerr,bawa perasaan
keinget,teringat
merekak,mereka
kreeenn,keren
abisss,habis
kocaaaakkk,kocak
abiiiss,habis
pass,pas
personill,personil
lengkapp,lengkap
ampuuun,ampun
iiihhhh,ih
flim.a,filmnya
trusan.a,terusannya
tdung,tudung
gangguin,mengganggu
lgkah2,langkah-langkah
taw,tau
cntiiikkk,cantik
tegaar,tegar
sktlrang,sekarang
kangeeeennnnn,kangen
sjk,sejak
tambh,tambah
nangiis,menangis
nyaaaaaaaaa,nya
bundaa,bunda
duuhhhhh,duh
gaada,tidak ada
malsudnya,maksudnya
lluuccuu,lucu
siappa,siapa
martabakk,martabak
skali2,sekali-kali
kueren2,keren-keren
abgnya,abangnya
warkop,warung kopi
hayuu,hayo
kenapaa,kenapa
ilang2an,hilang-hilangan
ayooook,ayo
astagaaaaaaaa,astaga
inihhh,ini
oom,om
mansetan,bermanset
cadasss,cadas
kereeeeennn,keren
temen",teman-teman,
telefisi,televisi
nikmatin,menikmati
mantappp,mantap
mbahh,mbah
giitu,begitu
mtanya,matanya
cpit,sipit
dee,dek
sumvahh,sumpah
tamvann,tampan
yap,ya
guaaaaaaa,gua
capa,sapa
ngakakkk,mengakak
liaat,lihat
gantweng,ganteng
anjjjjjjjj,anjing
gakwad,tidak kuat
seru2,seru-seru
iniii,ini
favoriteeee,favorit
adaa,ada
dinyanyiin,dinyanyikan
seruu,seru
nyengir,menyengir
temennya,temannya
klk,kelak
brjdh,berjodoh
akhrt,akhirat
kangennnnn,kangen
kanggen,kangen
kangennnnnnn,kangen
ysh,ya
sypa,siapa
nangisss,menangis
brjodoh,berjodoh
kaliann,kalian
barengg,bareng
kpnpun,kapanpun
mendj,menjadi
allahhhh,allah
merindinggg,merinding
amiennnn,amien
iihh,ih
lhir,lahir
udeh,sudah
menjdi,menjadi
debay,adek bayi
bangeer,banget
lafazd,lafaz
pmbyran,pembayaran
plsa,pulsa
dimana",dimana-mana,
sokk,sok
ngambekan,ambekan
hub,hubungan
sma2,sama-sama
ngom,mengomong
toloollll,tolol
bodhooo,bodoh
peliharaaaa,pelihara
makanyaa,makanya
ati",hati-hati,
kemakan,termakan
bodhoo,bodoh
siihhh,sih
andaaa,anda
buktinyaaa,buktinya
smuaaa,semua
ngambeknya,mengambeknya
kebongkar,terbongkar
tapii,tapi
kasiian,kasihan
diladenin,diladeni
comen,komen
ngtif,negatif
comntr,komentar
kaliannn,kalian
brdiri,berdiri
mulutny,mulutnya
msalah,masalah
trserh,terserah
waduuuuh,waduh
ngedukung,mendukung
dihpus,dihapus
mrekaa,mereka
cakeeeeppp,cakep
benerr,benar
brg",bareng-bareng,
baanget,banget
anjaaaayyyyyy,anjay
ngetsz,banget
utkmu,untukmu
anj,anjing
merekaa,mereka
kann,kan
dieee,dia
yaahh,ya
hijap,hijab
ternodain,ternodai
ngeri2,ngeri-ngeri
mn,mana
kt2,kata-kata
agk,agak
slhkan,salahkan
jilbabny,jilbabnya
perilakuny,perilakunya
ketaatanny,ketaatannya
kepda,kepada
sblmny,sebelumnya
bljr,belajar
pedulilaaaah,pedulilah
ingetin,mengingatkan
terjrumus,terjerumus
stuju,setuju
sbb,sebab
igtlah,ingatlah
dtgkan,datangkan
benahin,membenahi
ohhhh,oh
yapp,ya
jauhh,jauh
bingitt,banget
buka2an,buka-bukaan
ngembali,kembali
sp,sapa
semngat,semangat
lekong,laki
kacauuuu,kacau
ngimpi,mimpi
owh,oh
ngerampas,merampas
ngehancurin,menghancurkan
ngungkit2,mengungkit-ungkit
kaleee,kali
caranga,caranya
usa,usah
dipikirin,dipikirkan
nunduk,menunduk
tembemmm,tembem
lucuuuuuuuuuu,lucu
bundaaa,bunda
nyubitt,mencubit
jls2,jelas-jelas
supeer,super
bener,benar-benar
inni,ini
appa,apa
hayooo,hayo
adyem,adem
mitnah,memfitnah
cantiknyaaaaa,cantiknya
nie,nih
tmbm,tembam
cantix,cantik
kriput,keriput
jelex,jelek
drmn,darimana
laku",laku-laku,
orang"nya,orang-orangnya,
kacian,kasihan
cape,capek
mancing2,memancing-mancing
eeeeh,eh
kpancing,terpancing
lakuin,melakukan
cri,cari
sbenernya,sebenarnya
mikirinnn,memikirkan
diam",diam-diam,
mengalahkn,mengalahkan
nyindirin,menyindir
nee,ini
klakuan,kelakuan
mksdx,maksudnya
shabat,sahabat
jk,jika
brbuat,berbuat
mmberi,memberi
nm,nama
sbhabat,sahabat
pnjerumus,penjerumus
tman,teman
shbat,sahabat
melakukn,melakukan
seorg,seorang
berkluarga,berkeluarga
siapa2,siapa-siapa
ketipu,tertipu
laki",laki-laki,
mengait2kan,mengait-ngaitkan
nyir2,nyinyir
gosipin,menggosipkan
sendri,sendiri
bntar,bentar
duuuhhh,duh
nmbk,menembak
gakkk,tidak
abiiiiisssss,habis
tikung2,tikung-tikung
cwok,cowok
bangedd,banget
wuastagah,astaga
bedaaa,beda
jaoooh,jauh
mateeeeeeeeeeee,mati
parsis,persis
sumpeh,sumpah
iyh,iya
kmana,kemana
cantiqs,cantik
kecik,kecil
brasa,berasa
trlihat,terlihat
mmberikan,memberikan
khidupan,kehidupan
srpti,seperti
dinamakn,dinamakan
mlu,melulu
sgtu,sebegitu
paati,pasti
th,tahu
kutuu,kutu
setelur2nya,setelur-telurnya
khadiran,kehadiran
kel,keluarga
srta,serta
kcil,kecil
kberkahn,keberkahan
kbahagiaan,kebahagiaan
tntram,tentram
brsama,bersama
hngga,hingga
brpndapat,berpendapat
trutama,terutama
hiraukn,hiraukan
diamkn,diamkan
hrsny,harusny
brsyukur,bersyukur
mmberikn,memberikan
rasakn,rasakan
cari2,cari-cari
kesalahanny,kesalahannya
kekuranganny,kekurangannya
seandainy,seandainya
perasaanny,perasaannya
diindonesis,diindonesia
liyatnya,lihatnya
kayahhh,kaya
ala2,ala-ala
yook,yuk
yoookkkk,yuk
siihh,sih
elus2,elus-elus
asliiiii,asli
aduuhhhh,aduh
belom,belum
padahl,padahal
btul,betul
da,dah
kejahatn,kejahatan
slam,salam
ngelewati,melewati
kalu,kalau
ngerendahin,merendahkan
apaalahh,apalah
tnp,tanpa
menyebut2,menyebut-nyebut
mnt,minta
kiya,kita
miriiiiip,mirip
dirimuuu,dirimu
yoiiu,yoi
semuanyaaaa,semuanya
suka.a,sukanya
jdii,jadi
blnja,belanja
brangnya,barangnya
sama",sama-sama",
lw,kalau
ada2,ada-ada
nimpuk,menimpuk
abiss,habis
prlu,perlu
coyyy,coy
suaranyaa,suaranya
jnagn,jangan
kcwa,kecewa
jaman2,jaman-jaman
sok2an,sok-sokan
dket2in,dekat-dekati
cobak,coba
britanya,beritanya
tau2,tau-tau
mahh,mah
jamam,jaman
paraa,para
seharusny,seharusnya
dasaar,dasar
bergunaa,berguna
mulutnyaaa,mulutnya
blkng,belakang
kcewa,kecewa
mnusuk,menusuk
blkang,belakang
nembak,menembak
trmanis,termanis
krng,kurang
kaciiaann,kasihan
nyela,mencela
ngejilat,menjilat
hallooo,halo
deketin,dekati
tayik,tahi
halooo,halo
ustzah,ustazah
halow,halo
poooolllll,pol
tahannn,tahan
aduuh,aduh
nyimpen,menyimpan
ngarsipin,mengarsipkan
cman,cuman
gituuuuu,begitu
kyy,kaya
kngn,kangen
kq,kok
nyesek,menyesak
rinduuuuuuu,rindu
b2,berdua
kangeeeennn,kangen
mg,moga
aamiiiiinnn,amin
gemezzzz,gemas
kangennnnnn,kangen
prh,parah
bakattt,bakat
napsuu,napsu
gmau,tidak mau
luccu,lucu
prasaan,perasaan
lahirr,lahir
setujuuuu,setuju
sering2,sering-sering
ceemen,cemen
sembunyi,sembunyi-sembunyi
skrnh,sekarang
cerdiik,cerdik
jeniuss,jenius
kurangin,kurangi
kreen,keren
s'lalu,selalu
mauuuuuu,mau
mintk,minta
nyolong,mencolong
pnjng,panjang
slaluuuuu,selalu
kanggggg,kang
rezeqinya,rezekinya
pintr,pintar
dekk,dek
maw,mau
kura2,kura-kura
edaaann,edan
nempel,menempel
hatiiii,hati
sukkaa,suka
luuuucuuu,lucu
caantiiik,cantik
luucuuu,lucu
putihh,putih
terus"an,terus-terusan,
siiih,sih
ternyataa,ternyata
pollll,pol
sekaliiii,sekali
peduliin,mempedulikan
komntr,komentar
smngat,semangat
dosax,dosanya
pahalax,pahalanya
akhirt,akhirat
tinggalkn,tinggalkan
rumh,rumah
mk,maka
trhtung,terhitung
naaaa,nya
ademmm,adem
cerdass,cerdas
tambahh,tambah
polll,pol
didengerin,didengarkan
mantapppppp,mantap
ngerespon,merespons
dulurrr,dulur
brusaha,berusaha
pahamin,memahami
lebh,lebih
amin2,amin-amin
positippp,positif
jauuhhh,jauh
brhjb,berhijab
mdh2n,mudah-mudahan
slmnya,salamnya
jlbb,jilbab
dempga,semoga
selmnya,selamanya
tth,teteh
otot2,otot-otot
lengkeeett,lengket
caaannnttiikkk,cantik
trusss,terus
ademm,adem
apalagiii,apalagi
passs,pas
beginii,begini
satuu,satu
cuantek,cantik
akuuuur,akur
iniehh,ini
sayangx,sayangnya
jodohx,jodohnya
kaliaan,kalian
haslnya,hasilnya
kencng,kencang
pmbantu,pembantu
kmbl,kembali
cuchook,cocok
kloop,klop
sempurnaa,sempurna
klihatan,kelihatan
cintax,cintanya
pnuh,penuh
ngrti,mengerti
mudah"an,mudah-mudahan,
segalany,segala-galanya
mantanny,mantannya
jodohny,jodohnya
cantk,cantik
ituuu,itu
kaasian,kasihan
padhl,padahal
ank",anak-anak,
pkrin,pikirkan
anakx,anaknya
sia2kan,sia-siakan
naaahhh,nah
beluumm,belum
sayangggq,sayangku
kreean,keren
ciiieee,cie
cieee,cie
cieeee,cie
berenanh,berenang
pacarr,pacar
bingitss,banget
besokkk,besok
annnnjjjjjjrrrr,anjir
ngeliatin,melihati
ngumbar2,mengumbar-umbar
romantiss,romantis
cocook,cocok
lucuuuuuuuu,lucu
kaaaaaann,kan
nyaaaaaaa,nya
lgs,langsung
yaang,yang
bangedt,banget
gde,gede
lutunaaa,lucunya
bikinnn,bikin
keee,ke
bungkuuussss,bungkus
lucux,lucunya
bntr,bentar
buanyaaak,banyak
aaamiiinnn,amin
aaamiiin,amin
ntap,mantap
abgnyaah,abangnya
mungkiin,mungkin
akuhh,aku
manteb,mantap
hiduupppp,hidup
tebel,tebal
nganggepin,menanggapi
mentang",mentang-mentang,
najiss,najis
perjabatt,pejabat
makany,makanya
benneeeeeerr,benar
krjaan,pekerjaan
kdng,kadang
kdang,kadang
knan,kanan
mentang,mentang-mentang
anak'y,anaknya
trknal,terkenal
gtu",begitu-gitu,
klok,kalau
aamiiiinnnnn,amin
pengennnn,ingin
guw,gue
siiiiiiippppppppp,sip
selaloe,selalu
donggg,dong
beruntungnyaaaa,beruntungnya
soal'y,soalnya
prhatian,perhatian
hebaat,hebat
ampunn,ampun
gueeeee,gue
liatt,lihat
gehh,gih
ankknyaaa,anaknya
centilnyaaaaaa,centilnya
gemesshzzzzhzzhzhzhsjssjs,gemas
ngacaaa,mengaca
diaaa,dia
jirr,anjir
kayaa,kaya
cempreeng,cempreng
centillll,centil
pcran,pacaran
anedh,banget
ampyunnnn,ampun
boro2,boro-boro
nyta,nyata
kampungn,kampungan
j,saja
mnghina,menghina
ngolokin,mengolok
ngurusin,mengurus
blum,belum
syirik,syirik-syirik
than,tahan
dsr,dasar
siriik,sirik
mampuuu,mampu
khan,kan
aduuhh,aduh
cemburuu,cemburu
bingitzzzz,banget
tlog,tolong
apasihhh,apasih
sirikk,sirik
dbnding,dibanding
nrka,neraka
s3ndiri,sendiri
bhgiain,membahagiakan
kdua,kedua
prcya,percaya
bhagaia,bahagia
cuco,cocok
genittt,genit
kx,kak
mlikk,milik
mentah,mentah-mentah
canci,cantik
aneed,banget
gimanaa,bagaimana
lainnn,lain
pentingg,penting
kenalin,memperkenalkan
bagaimanaaa,bagaimana
krudung,kerudung
enakkkkk,enak
poool,pol
jirrrr,anjir
oprasiya,operasinya
uwee,gue
pilihannny,pilihannya
itumahh,itumah
muuuu,mu
uuhhh,uh
berbakiti,berbakti
alhamd,alhamdulillah
slmttt,selamat
ucapin,mengucapkan
tetp,tetap
ditengah2,ditengah-tengah
semuanyaa,semuanya
semuannyaaa,semuanya
aminn2,amin-amin
abs,habis
kebnyak'an,kebanyakan
melahirin,melahirkan
aduuuh,aduh
cakeep,cakep
lhooo,loh
kamuuuu,kamu
bagi2,bagi-bagi
gimn,bagaimana
smogaaa,semoga
biza,bisa
aamien,amien
lngsing,langsing
wowoooww,wow
smulla,semula
pdhall,padahal
blln,bulan
senang2,senang-senang
jh,saja
kereeennnn,keren
gilakkk,gila
gtu2,begitu-gitu
cpet,cepat
gataunya,tidak taunya
gtau,tidak tau
fans2,fan-fan
gaharus,tidak harus
ketemuin,ketemu
diketemuin,ketemu
bangst,bangsat
feb,februari
pavorit,favorit
nya,ya
lu,kamu
militia,militer
bu,ibu
dok,dokter
aaaa,a
aaaaa,a
aaaaaaa,a
aaaaaaaaaaaaaaaaaaaa,a
acaranyaaaaaaa,acaranya
adalahhhhhhh,adalah
ahahahahahhah,haha
ahmaksudnya,maksudnya
ajsajsjsjsshsj,asu  
akarakarya,akar-akarnya
alhamdulilah,alhamdulillah
alhamdullilah,alhamdulillah
allhamdulillah,alhamdulillah
anehhhhhhhhhhhhhhhhhhhh,aneh
anjiiinggggg,anjing  
anjngggggggg,anjing  
aowkaowkaowk,awokawok  
aowkwkwkwkwk,awokawok  
arghhhhhhhhhhhhhhhhhhhhhhhhhhhh,argh 
asistensikan,asistenkan
assalamualaikum,assalamu'alaikum
astagfirullah,astaghfirullah
atasnamakan,atas namakan
aturanaturan,aturan-aturan
awkowkowkowkow,awokawok  
awoakwokaowk,awokawok  
awokawokawok,awokawok  
awoskoaakaoakak,awokawok  
bangeettttt,banget
bangeetttttt,banget
bangetsedih,banget sedih
bangettttaku,banget aku
bangetwkjriwjdjw,banget
banyakbanyak,banyak-banyak
bapakkkkkkkkk,bapak
bapakkkkkkkkkk,bapak
barangbarang,barang-barang
barengbareng,bareng-bareng
barudaaaakkkk,baru dong
bejirrkaburduluaja,bejir kabur dulu aja  
belajarnyaa,belajarnya
berantemkalo,berantem kalau
berbulanbulan,berbulan-bulan
berinteligensi,berintelijen
berkalikali,berkali-kali
berkarirlbh,berkarir lah
berprevilise,berprivilege
berprivillege,berprivilege
bersabdaaaa,bersabda
bersamasama,bersama-sama
bersihbersih,bersih-bersih
bertanggungjawab,bertanggung jawab
bertanyatanya,bertanya-tanya
besarbesaran,besar-besaran
bismillaahh,bismillah
bismillahirrohmanirrohim,bismillahirrahmanirrahim
bisnisajadulu,bisnis aja dulu
bisnisbisnis,bisnis-bisnis
bobrooookkkkkkk,bobrok  
bojongtuyul,bojong tuyul   tempat
bongkarbongkar,bongkar-bongkar
bruakakakakak,bruakak  
btsthanniversary,bts thanniversary  
bubblycuddly,bubbly cuddly
bulbulhabis,bulbul habis
capeknganggur,capek nganggur
cecunguknya,cecunguknya  
cengengesan,cengengesan  # tertawa sinis
cewekindonesia,cewek indonesia
ciumbuleuit,cium buleuit  # asumsi lokasi
ciyeeefinalis,ciye finalis  
confesssssss,confess
congratssssszzz,congrats
congrattssss,congrats
dahlahdisiniaja,dahlah disini aja
danggeunmin,danggeun min  
dediindonesiagelap,dedi indonesia gelap
dengankabur,dengan kabur
diarepinhonestly,diare pin honestly  
dibawahhooii,di bawah hoii
dibeginikan,dibeginikan  ?
dideportasilagi,dideportasi lagi
dihargaikaburajadulu,dihargai kabur aja dulu
dihargainnya,dihargainya
dijualdiwariskan,dijual diwariskan
dijualjualin,dijual-jualin
dikitaowkoawk,dikit awokawok  
dinyinyirin,dinyinyirin  
dioptimalin,dioptimalkan
diperjuangin,diperjuangkan
dipermasalahin,dipermasalahkan
diprioritasin,diprioritaskan
disappeared,menghilang
disekolahin,disekolahkan
diselametin,diselamatkan
disepelekanteringat,disepelekan teringat
ditangkepin,ditangkapin  
ditempeleng,ditempeleng  
ditinggalim,ditinggalin  
ditinggalin,ditinggalkan
doeljakarta,doel jakarta  
doodstreamterbaru,doodstream terbaru
duludijawab,dulu dijawab
dulupercuma,dulu percuma
duluternyata,dulu ternyata
eee,e
eepsaefullohfatah,eep saefulloh fatah  
ekwkwkwkwkkw,wkwkwk  
embarrassment,malu
enakinajadulu,enak aja dulu
essentially,pada dasarnya
expectations,ekspektasi
experienced,berpengalaman
experimental,eksperimental
exploreindonesia,explore indonesia
explorepage,explore page
fangirlingan,fangirling an  
februarikabur,februari kabur
feel,rasa
financially,secara finansial
flawlessoonchan,flawless oonchan  
forewarning,peringatan dini
forgooddiindo,for good di indo
freewstpapua,free west papua
fresh,segar
frustration,frustasi
fufufafaaibnasional,fufufafa aib nasional  
fyppppppppppppppppppppppp,fyp
fypviraltwitter,fyp viral twitter
gabisakabur,gabisa kabur
gadistercanti,gadis tercanti  
gagalbrandinggagalnikah,gagal branding gagal nikah
gagalmakambungkarno,gagal makam bung karno
gakmikirmikir,gak mikir-mikir
gaksabarbesokgajian,gak sabar besok gajian
gaslighting,gas lighting  
gassssssspooooooooooool,gas pol  semangat
gataubalikatauga,gatau balik atau ga
gedheitukita,gedhe itu kita  
gelapbanget,gelap banget
generalisir,generalisir  
gidahsonoyangjauh,pergi sana yang jauh  
gijinkokuengineer,gijinkoku engineer  
giveawayindonesia,give away indonesia
giveawaynya,give away nya
goblokgoblok,goblok goblok  
good,bagus
govlockskill,gov lock skill  
gwehotwdiaspora,gue hot w diaspora  
gwencanaaaayooo,gue rencana ayo  
habatasaudah,habis sudah
habishabisan,habis-habisan
hahahahaaha,haha
hahahahahaa,haha
hahhahahaha,haha
hahshsnkakakdu,haha  
hallucination,halusinasi
hancurtagar,hancur tagar
happy,senang
harunmasikukaburajadulu,harun masiku kabur aja dulu
hate,benci
hatinyalalu,hatinya lalu
haveichanged,have i changed
hellloowrrr,hello
hello,halo
hellocation,hello location  
hellomotogotyle,hello moto go style  
hhhh,h
hhhhhhhh,h
hi,hai
hijrahajadulu,hijrah aja dulu
hilangsajadulu,hilang aja dulu
hinamuslimkemudian,hina muslim kemudian
hiraganakatakana,hiragana katakana  
hitunghitung,hitung-hitung
hoaxpengalihan,hoax pengalihan
hohohooooooo,hohoho  
holdduluaja,hold dulu aja
holyairball,holy air ball  
humanrights,hak asasi manusia
hyperinflation,hiperinflasi
icecreamvape,ice cream vape
idielogisnya,ideologisnya
idolswisatawan,idols wisatawan  
ijazahjokowi,ijazah jokowi
ijazahpalsu,ijazah palsu
ijazahpalsujokowi,ijazah palsu jokowi
ikhlassssss,ikhlas
ikuuuuuuttt,ikut
illustrator,ilustrator
indiaampchina,india amp china
indognesial,indonesial  
indonesiaaah,indonesia
indonesiaaneh,indonesia aneh
indonesiaaustralia,indonesia australia
indonesiabaru,indonesia baru
indonesiabubar,indonesia bubar
indonesiabubardikuasaipremankhilafah,indonesia bubar dikuasai preman khilafah
indonesiacemas,indonesia cemas
indonesiadarurat,indonesia darurat
indonesiaemas,indonesia emas
indonesiagelao,indonesia gelap  
indonesiagelap,indonesia gelap
indonesiagelapgelap,indonesia gelap-gelap
indonesiagelapgulita,indonesia gelap gulita
indonesiagelapjilid,indonesia gelap jilid
indonesiagelapndasmu,indonesia gelap ndasmu  
indonesiakuat,indonesia kuat
indonesialebihkuat,indonesia lebih kuat
indonesiamaju,indonesia maju
indonesiamakingelap,indonesia makin gelap
indonesiamasters,indonesia masters
indonesiamendunia,indonesia mendunia
indonesiamereka,indonesia mereka
indonesianidol,indonesian idol
indonesianidolxiii,indonesian idol xiii
indonesians,indonesia
indonesiapenjajah,indonesia penjajah
indonesiasehat,indonesia sehat
indonesiaviral,indonesia viral
indonesiawaspada,indonesia waspada
indoviralterbaru,indo viral terbaru
indsiagelap,indonesia gelap  
industripabrik,industri pabrik
inferiority,inferioritas
infobeasiswa,info beasiswa
infogiveaway,info giveaway
infojobjepang,info job jepang
information,informasi
infosumbawa,info sumbawa
inggriskaburajadulu,inggris kabur aja dulu
inirasanyasuper,ini rasanya super
instalkelshinta,instal kelshinta  
interactive,interaktif
international,internasional
intrnational,international  
introduction,pengenalan
investorkabur,investor kabur
istandwithsharmishta,i stand with sharmishta
jackpotcrashcourse,jackpot crash course
jackpotramadhan,jackpot ramadhan
jacktherapist,jack therapist  
jalaninajadulu,jalanin aja dulu
jalanjalannya,jalan-jalannya
jalanjembatan,jalan jembatan
janganjadidosen,jangan jadi dosen
janganjangan,jangan-jangan
janganlupabersyukur,jangan lupa bersyukur
janganpulangaja,jangan pulang aja
janganpulangajadulu,jangan pulang aja dulu
janganpulangdulu,jangan pulang dulu
januariperingatan,januari peringatan
jepanggelap,jepang gelap
jepangjerman,jepang jerman
jepangkorea,jepang korea
jepangkorsel,jepang korsel
jerumuskandiriyuk,jerumuskan diri yuk
jobopportunity,job opportunity
jogjamemanggil,jogja memanggil
jokowigakusahpulang,jokowi gak usah pulang
jokowipenipuijazah,jokowi penipu ijazah
jokowitakutdiadili,jokowi takut diadili
jokowitamat,jokowi tamat
jumatberkah,jumat berkah
justgoddamnit,just goddamnit  
kabarajadulu,kabar aja dulu
kabinetgendut,kabinet gendut  # ejekan
kabinetkoruptor,kabinet koruptor
kaburajaburuan,kabur aja buruan
kaburajadehlu,kabur aja deh lu  
kaburajadlu,kabur aja dulu  
kaburajadulu,kabur aja dulu
kaburajadulumohon,kabur aja dulu mohon
kaburajadulusampai,kabur aja dulu sampai
kaburajadulusaya,kabur aja dulu saya
kaburajaduluya,kabur aja dulu ya
kaburajaduluvietnam,kabur aja dulu vietnam
kaburajagausahbalik,kabur aja gausah balik  
kaburajaselamanya,kabur aja selamanya
kaburajayuk,kabur aja yuk
kaburdisana,kabur disana
kaburduluaja,kabur dulu aja
kaburduluajanya,kabur dulu aja nya
kaburduluajaprabowosubianto,kabur dulu aja prabowo subianto
kaburduluan,kabur duluan
kaburgasngeng,kabur gas ngeeng  
kaburinduitdulu,kabur induit dulu  
kaburinvestorlg,kabur investor lg  
kaburkaburan,kabur-kaburan
kaburkejepang,kabur ke jepang
kaburkekorseldulu,kabur ke korsel dulu
kaburlagiaja,kabur lagi aja
kaburrrrrrrrrrrr,kabur
kabursajadulu,kabur saja dulu
kamibersamayuranfernandes,kami bersama yuran fernandes  
kampunghalaman,kampung halaman
kangenkampunghalaman,kangen kampung halaman
kanpekiseijo,kanpeki seijo  
karimunjawa,karimun jawa  
karirinternasional,karir internasional
karyaanakbangsa,karya anak bangsa
katakatamotivasi,kata-kata motivasi
katakatamutiara,kata-kata mutiara
kawankawanku,kawan-kawanku
kebanyakkan,kebanyakan  
keberengsekan,keberesan  
kebijakannn,kebijakannya  
kecewapilihprabowo,kecewa pilih prabowo
kedapetannn,kedapetan  
keeptalking,keep talking
kejahatansatuserver,kejahatan satu server
kekuarganya,keluarganya  
kekuranganya,kekurangannya  
keluarkeluar,keluar-keluar
keluarnegeriaja,keluar negeri aja
kemanaaaaaa,kemana
kemanaaaaaahhhhhhhhhhhh,kemana
kemanggisan,kemanggisan  
kemarinkemarin,kemarin-kemarin
kemariwkwkw,kemari wkwkw  
kementrianpendidikan,kementerian pendidikan  
kentuajadulu,kentua aja dulu  
kepaladaerah,kepala daerah
keraguankesedihankegagalan,keraguan kesedihan kegagalan
kerjaampminimnya,kerja amp minimnya  
kerjaanjadi,kerjaan jadi
kerjabelajar,kerja belajar
kerjadijepang,kerja di jepang
kerjadijerman,kerja di jerman
kerjadikanada,kerja dikanada  
kerjadiluarneger,kerja di luar negeri  
kerjadiluarnegeri,kerja di luar negeri
kerjajepang,kerja jepang
kerjakejepang,kerja ke jepang
kerjakuliahsekolah,kerja kuliah sekolah
kerjaluarnegeri,kerja luar negeri
kerjangejar,kerja ngejar
kesalamatan,keselamatan  
kesampaianjadi,kesampaian jadi
kesejahtrraan,kesejahteraan  
kesinisalah,kesini salah
kestrugglean,ke-struggle-an  # istilah slang
kesusksesan,kesuksesan  
ketangkeptangkep,ketang kep tangkep  
ketipuuuuuuuuuuuuuu,ketipu  
ketrampilan,keterampilan  
kewargakenegaraan,kewarganegaraan  
kiamatsudahdekat,kiamat sudah dekat
kingsharvard,kings harvard  
kkk,k
kkkk,k
klinissoalnya,klinis soalnya
kluivertout,kluivert out  
kodeundagan,kode undagan  
kolaborasiperkuatbangsa,kolaborasi perkuat bangsa
komikwebtoon,komik webtoon
komunikasiin,komunikasiin  
konohagakure,konoha gakure  
koreaselatan,korea selatan
korupsipertamina,korupsi pertamina
kosongkepentingan,kosong kepentingan
kpemimpinan,kepemimpinan  
krustycrepes,krusty crepes  
kuliahajadulu,kuliah aja dulu
kuliahdichina,kuliah di china
kuliahdihongkong,kuliah di hongkong
kuliahdiinggris,kuliah di inggris
kuliahdikorea,kuliah di korea
kuliahdiluar,kuliah di luar
kuliahdiluarnegeri,kuliah di luar negeri
kuliahindonesiagelap,kuliah indonesia gelap
kuliahluarnegeri,kuliah luar negeri
kurekomendasi,ku rekomendasi
kursusbahasainggris,kursus bahasa inggris
kursusbahasajepang,kursus bahasa jepang
kursusbahasakorea,kursus bahasa korea
lagakproduser,lagak produser
lainstrategi,lain strategi
lalalalilili,lalalalilili  # nyanyian
langkahlangkah,langkah-langkah
lawancaraculas,lawan cara culas
lazadapestagajian,lazada pest a gajian  
lebihbaikkabur,lebih baik kabur
lesbahasajepang,les bahasa jepang
liburandirumahaja,liburan di rumah aja
lifeafterpilpres,life after pilpres
like,suka
linemanxfayeperaya,line man x faye peraya  
linkgacorslot,link gacor slot
lisamariana,lisa mariana  
listriktelfon,listrik telpon  
lizzizuankabur,lizzi zuan kabur  
logikangawur,logika ngawur
logobukanidentitas,logo bukan identitas
lokerjepang,loker jepang
lokerterbaru,loker terbaru
lokerwithpiki,loker with piki  
love,cinta
lowongankerja,lowongan kerja
lowonganpekerjaan,lowongan pekerjaan
luminescence,luminesensi
magangapprenticeship,magang apprenticeship
magangjepang,magang jepang
mahasiswaberaksi,mahasiswa beraksi
makinkesinimakinkesono,makin kesini makin kesono
maklumudahgamuda,maklum udah gamuda  
malamminggu,malam minggu
mamatkopling,mamat kopling  
manajemenit,manajemen it
manchesterunited,manchester united
mandiribeasiswa,mandiri beasiswa
mandorizinmundur,mandor izin mundur  
manifesting,manifesting  
manipulating,memanipulasi
mantukmantuk,mantuk-mantuk  
masadepansuram,masa depan suram
masalahnyee,masalahnya  
masingmasing,masing-masing
masterbagasi,master bagasi
masukajadulu,masuk aja dulu
matamuehndasmu,matamu eh ndasmu  
matiajadulu,mati aja dulu
matidisiksa,mati disiksa
mauahuahauahau,mau ah uahauahau  
maukaburajadulu,mau kabur aja dulu
mautsementara,mau t sementara  
mayapadacurang,mayapada curang
mberotkaburduluaja,mberot kabur dulu aja  
mbginvestasimasadepan,mbg investasi masa depan  
mechatronica,mechatronica  
meetnitelive,meet nite live
meetnitelivemetrotv,meet nite live metro tv
memanusiakanmanusia,memanusiakan manusia
memberikansanjungankokpadapelakukorapdanperilakunya,memberikan sanjungan kok pada pelaku korap dan perilakunya  
membugarkandemokrasi,membugar kan demokrasi
memeindonesia,meme indonesia
memelndonesia,meme indonesia  
memerahraut,memerah raut
mempersilahkan,mempersilakan
mempraktekkan,mempraktikkan
menagihjanjikampanye,menagih janji kampanye
menakutnakuti,menakut-nakuti
menangterus,menang terus
mencakmencak,mencak-mencak
menengahatas,menengah atas
menentunegara,menentunegara  
menerimakabahar,menerima kabahar  
mengapaakuwni,mengapa aku wni  
mengclearkan,meng-clear-kan  
mengekploitasi,mengeksploitasi  
mengeskpresikan,mengekspresikan  
menggebugebu,menggebu-gebu
mentalhealthmatters,mental health matters
mentangmentang,mentang-mentang
mentokmentok,mentok-mentok
menyalahlan,menyalahkan  
menyingkirdulu,menyingkir dulu
meraungraung,meraung-raung
mercenaries,tentara bayaran
merekatutup,mereka tutup
merekedeweng,mereka deweng  
meritrokrasi,meritokrasi  
mesramesraan,mesra mesraan
metrotvnews,metro tv news
middleclass,middle class
migasselama,migas selama
migranindonesia,migran indonesia
mikirkayanya,mikir kayanya
minghaodeservesbetter,minghao deserves better  
mingyuxcalvinklein,mingyu x calvin klein  
minyakoplosan,minyak oplosan
mirrorselfies,mirror selfies
mixedcouple,mixed couple
mmm,mm
mmprtimbangkan,mempertimbangkan  
mockupwawancara,mockup wawancara
moncerkalau,moncer kalau
mood,suasana hati
moqeelatagzeps,moqeela tagzeps  
muakjadiwni,muak jadi wni
muaknegerisendiri,muak negeri sendiri
mudikgratis,mudik gratis
multinational,multinasional
mulyonokabur,mulyono kabur  
mulyonowowok,mulyono wowok  
mundurkemudian,mundur kemudian
musibahlalu,musibah lalu
musikindonesia,musik indonesia
mygoldenbloodep,my golden blood ep  
mykaburajadulu,my kabur aja dulu
myxanniversary,myx anniversary  
nangisnangis,nangis-nangis
nasionalismepadahal,nasionalisme padahal
nationalism,nasionalisme
nationality,kewarganegaraan
nazarpemilu,nazar pemilu
negarameliteristik,negara meliteristik  
negaranegara,negara-negara
negerikabur,negeri kabur
negerikangenkampunghalaman,negeri kangen kampung halaman
negerimanifesting,negeri manifesting
negerisurgakoruptor,negeri surga koruptor
negrikriminal,negri kriminal  
netherlands,belanda
neverforget,never forget
neverstoplearning,never stop learning
newprofilepic,new profile pic
nexthttpstcoqbnfssro,next httpstcoqbnfssro 
ngacengajadulu,ngaceng aja dulu  
ngagerakeun,ngagerakeun  
ngakakakakak,ngakak  
ngakakkkkkkkkk,ngakak  
ngakakterus,ngakak terus
ngakalinnya,ngakalinnya  
ngalanjutken,ngalanjutken  
ngambekhadeh,ngambek hadeh 
nganuuuhmmmkabur,nganu uhmmm kabur  
ngayogyakarta,ngayogyakarta  
ngebayangin,ngebayangin  
ngedengerin,ngedengerin  
ngediscourage,ngediscourage  
ngegaslight,ngegaslight  
ngegoblokin,ngegoblokin  
ngejemputnya,ngejemputnya  
ngelakuinnya,ngelakuinnya  
ngelanjutin,ngelanjutin  
ngelesnyabilang,ngelesnya bilang  
ngelurusinnya,ngelurusinnya  
ngemisngemis,ngemis-ngemis
ngerencanain,ngerencanain  
ngesawadikapin,ngesawa dikapin  
ngetweet,ngetweet  
ngoahahahahaha,ngoahahaha  
ngomongkomen,ngomong komen  
nikahajadulu,nikah aja dulu
nikahberhubung,nikah berhubung
no,tidak
nonexistence,ketiadaan
nonpriviledge,non privilege  
nontonkonserdiluaraja,nonton konser di luar aja
noooooooooo,no
nowadaysapalagi,nowadays apalagi
nusakambangan,nusa kambangan
nyanghareupan,nyang hareupan  
nyarikerjadulu,nyari kerja dulu
nyemplungke,nyemplung ke  
oakwoakwoakw,oakwoakwoakw  
omg,omg  
omonomonkabur,omonomon kabur  
ooo,o
oplosduluaja,oplos dulu aja
opportunity,kesempatan
oridistromedia,ori distro media  
overglorifying,over glorifying
ovtdetected,ovt detected  
padjadjaran,padjadjaran  
pajakperusahaan,pajak perusahaan
palestinian,palestina
pantesaaanhahaha,pantesaan hahaha  
parangtritis,parangtritis  
parkirkaburajadulu,parkir kabur aja dulu
pasilitasnya,fasilitasnya  
pasrahtapipenasaran,pasrah tapi penasaran
patrickkluivertout,patrick kluivert out  
peaceloveandgawl,peace love and gawl  
pelajaridaman,pelajar idaman
pelarangandibuat,pelarangan dibuat
pelopornyakalau,pelopornya kalau
peluangkerja,peluang kerja
pembelaanya,pembelaannya  
pemebenaran,pembenaran  
pemerentahnya,pemerintahnya  
pemerintahbersamasritex,pemerintah bersama sritex  
pemerintahindonesia,pemerintah indonesia
pemerintahkaya,pemerintah kaya
pemersatubangsa,pemersatu bangsa
pemersatubangsabebas,pemersatu bangsa bebas
pemudapancasila,pemuda pancasila
penculikanhilang,penculikan hilang
pencurimobil,pencuri mobil
pendirianperusahaan,pendirian perusahaan
pendirianpt,pendirian pt
penganggurancmn,pengangguran cmn  
pengennnnmoga,pengen moga  
pengkhiatny,pengkhianatnya  
penipuberkedokagen,penipu berkedok agen
penjahatrentalmobil,penjahat rental mobil
penjajahpun,penjajah pun
penjaragelap,penjara gelap
penjasorkes,pendidikan jasmani olahraga kesehatan  
pensiundari,pensiun dari
perhecticannya,per hecticnya  
peringatandarurat,peringatan darurat
perjermanan,per jermanan  
perlahanlahan,perlahan-lahan
permintaaan,permintaan  
perpanjulan,perpanjangan  
persiapankerja,persiapan kerja
persiapanmudik,persiapan mudik
perspective,perspektif
pertamatama,pertama-tama
pertaminasarangkoruptor,pertamina sarang koruptor
pertemuanminggu,pertemuan minggu
pertimbangin,pertimbangkan  
pertiwitanah,pertiwi tanah
pertukaranpelajar,pertukaran pelajar
pesonaindonesia,pesona indonesia
pesyaratannya,persyaratannya  
petimbangan,pertimbangan  
phillipines,philippines  
pindahnegaralain,pindah negara lain
pinokiojawa,pinokio jawa
pisankurang,pisan kurang  
polisikeamanan,polisi keamanan
politikinterest,politik interest
politiktaikucing,politik tai kucing  
porakporanda,porak-poranda
positiveeeee,positive
powerkuasaduit,powerku asa duit  
prabowodiplomasistrategis,prabowo diplomasi strategis
prabowogibranmundurlah,prabowo gibran mundurlah
prabowomenantangrakyat,prabowo menantang rakyat
prabowosudahgagal,prabowo sudah gagal
prabowountukkemanusiaan,prabowo untuk kemanusiaan
preparation,persiapan
prerequisites,prasyarat
presidendan,presiden dan
prioritasin,prioritaskan  
processions,prosesi
professional,profesional
profilbackground,profil background
programbahasa,program bahasa
programbahasamandarin,program bahasa mandarin
programming,pemrograman
projectsekai,project sekai  
prosecutors,jaksa
protesindonesia,protes indonesia
psikismentalitas,psikis mentalitas
puasakaburajadulu,puasa kabur aja dulu
pulangajadulu,pulang aja dulu
pulangpulang,pulang-pulang
putraputrinya,putra-putrinya
questioning,mempertanyakan
quotesmotivasi,quotes motivasi
quotesstory,quotes story
rakyaetmelawan,rakyat melawan  
rakyatjelita,rakyat jelita
rakyatlahudah,rakyatlah udah  
rakyatmiskin,rakyat miskin
rakyatnyaehhh,rakyatnya ehhh
rakyatsuara,rakyat suara
ramadanekstraseru,ramadan extra seru
ramadanmubarak,ramadan mubarak
ramadanmubarakbulansutenaviral,ramadan mubarak bulan sutena viral
random,acak
realisasiin,realisasikan  
realistically,secara realistis
really,sungguh
recruitment,rekrutmen
registrationlink,registration link
rekeningbanksingapura,rekening bank singapura
rekomendasiwattpad,rekomendasi wattpad
rempahrempah,rempah-rempah
renjunlopersss,renjun lopersss  
replacement,penggantian
requirement,persyaratan
revelations,wahyu
rintikrintik,rintik-rintik
ripakalsehat,rip akal sehat
ritsumeikan,ritsumeikan  
romanticize,meromantisasi
rotigembongyagembonggedhe,roti gembong ya gembong besar  
rumahsekolahtoko,rumah sekolah toko
rumputtetangga,rumput tetangga
rusiasementara,rusia sementara
safertogether,safe together
sajasedangakan,saja sedangakan  
sakitsakitan,sakit-sakitan
sakpanunggale,sak panunggale  
saldogratis,saldo gratis
salingmenjaga,saling menjaga
sambalindonesia,sambal indonesia
sambungsambungin,sambung-sambungin  
sarjanapenggerakpembangunan,sarjana penggerak pembangunan
satusatunya,satu-satunya
saudarasaudara,saudara-saudara
savekipkuliah,save kip kuliah
saverajaampat,save raja ampat
scandinavian,skandinavia
scholarship,beasiswa
scholarships,beasiswa
screenshoot,screenshot  
scrollscroll,scroll-scroll
sebanyakbanyaknya,sebanyak-banyaknya
sebenarbenarnya,sebenar-benarnya
sedesperate,sedesparate  
seeehhhhhhmana,seehhh mana  
segaenakeun,sega enakeun  
segerakabur,segera kabur
sehijauhijaunya,sehijauh-jauhnya
seindonesia,se-indonesia
sekaburkaburnya,se-kabur-kaburnya
sekencangkencangnya,se-kencang-kencangnya
sekolahcourse,sekolah course
sekolahkechina,sekolah ke china
sekolahkerja,sekolah kerja
selamaaaaat,selamat
selamatpagit,selamat pagi
seldarosita,selda rosita  
selflearning,self learning
selfreflection,self reflection
semangatkaburajadulu,semangat kabur aja dulu
semangattttttt,semangat
sembunyiiiii,sembunyiiiii  
sembunyisembunyi,sembunyi-sembunyi
semenakutkan,semenakutkan  
semencemaskan,semencemaskan  
semengerikan,semengerikan  
semenyedihkan,semenyedihkan  
senengseneng,seneng-seneng  
sengangenin,sengangenin  
sentosakarya,sentosa karya  
senusantara,se-nusantara
senyamsenyum,senyam-senyum
sepakatkaburajadulu,sepakat kabur aja dulu
separohseparoh,separoh-separoh
sepedajalan,sepeda jalan
seperrsjanku,seperrsjanku  
seprivileged,se privileged
seprivillege,se privilege  
serunyaberbagi,serunya berbagi
seruuuuuuuwwwwwkaburajadulu,seruuu kabur aja dulu
setujukabur,setuju kabur
shakirravier,shakir ravier  
shanghaiguangzoujakarta,shanghai guangzhou jakarta
shock,syok
shopeefinds,shopee finds
siappilihan,siap pilihan
silahturahmi,silaturahmi
silaturrahim,silaturahim  
simplelogic,simple logic
singaporean,singapura
singapuradisana,singapura disana
sitolakruutni,si tolak ruu tni  
situationship,situationship  
slingkuhannya,slingkuhannya  
socioeconpolitical,socio econ political
softskillmu,soft skillmu
solusipebisniscerdas,solusi pebisnis cerdas
songkranctwxfb,songkran ctw x fb  
sorotanpublik,sorotan publik
sorry,maaf
southeastasia,asia tenggara
spadegaming,spade gaming
springanimebstationanime,spring anime bstation anime
stakeholder,pemangku kepentingan
standupcomedy,standup comedy
starmanifesting,star manifesting
startupindonesia,startup indonesia
startupsingapura,startup singapura
staydanbelajardulu,stay dan belajar dulu
staysafebandung,stay safe bandung
stopbinancealpha,stop binance alpha
stophumantrafficking,stop human trafficking
stresskebanyakan,stress kebanyakan
stressrefly,stress refly  ?
studyabroad,study abroad
studyinhongkong,study in hongkong
studyinkorea,study in korea
studyinspain,study in spain
subiaktobukansubiaja,subiak to bukan subi aja  
suksesdiluarnegeri,sukses di luar negeri
superiority,superioritas
supermviews,super mviews  
supersoccer,super soccer
supervision,supervisi
supremacist,supremasis
supremasisipil,supremasi sipil
sure,pasti
sustainable,berkelanjutan
sweettoothgooddentistep,sweet tooth good dentist ep  
switzerland,swiss
syukursyukur,syukur-syukur
tahantahanin,tahan-tahanin  
taiwanchina,taiwan china
takamurauzuki,takamura uzuki  
takutdiajaktukarpikiran,takut diajak tukar pikiran
takutdirujak,takut dirujak
tanahairkuindonesia,tanah airku indonesia
tanduranamp,tanduran amp  
tanyagroklagi,tanya grok lagi  
tarifpesawat,tarif pesawat
tarikduluaja,tarik dulu aja
taruhanonlinegacor,taruhan online gacor
tauniversity,ta university  
temansejati,teman sejati
tementemenku,temen-temenku  
tenanggggggg,tenang
teraysensei,teray sensei  
tercintaahhh,tercinta ahhh  
teriakteriak,teriak-teriak
teriaktutup,teriak tutup
terimakasih,terima kasih
terimakasihorangbaik,terima kasih orang baik
terimakasii,terima kasih  
terjadiinvestor,terjadi investor
ternyungsep,ternyungsep  
terrrooooosssss,terrrooosss  
tersediaasrama,tersedia asrama
teswawancara,tes wawancara
thank,terima kasih
thought,pikiran
throwermercenary,thrower mercenary  
thunderbolts,thunderbolts  
tiarapngumpet,tiarap ngumpet
tidakmampukabur,tidak mampu kabur
tiktokviral,tiktok viral
timelinechaos,timeline chaos
timnasindonesia,timnas indonesia
tinggikecuali,tinggi kecuali
tinggikumpulkan,tinggi kumpulkan  
tinggitinggi,tinggi-tinggi
tipskerjaluarnegeri,tips kerja luar negeri
tired,lelah
titiknolenglish,titik nol english
tobiconstruction,tobi construction  
today,hari ini
toeflpreparation,toefl preparation
tokuteiginou,tokutei ginou  
tolakdwifungsiabri,tolak dwi fungsi abri
tolakrevisiuutni,tolak revisi uu tni
tolakruukejaksaan,tolak ruu kejaksaan
tolakruupolri,tolak ruu polri
tolakruutni,tolak ruu tni
tolaktmtserentak,tolak tmt serentak
tolongviralin,tolong viralin  
traderindonesia,trader indonesia
traffucking,traffucking  ?
transparency,transparansi
trendingnews,trending news
trendingnow,trending now
triiiiinggg,triiing  
true,benar
tuberculosis,tuberkulosis
tukangtradie,tukang tradie  
tulungagung,tulungagung  
tungtungsahur,tungtung sahur
tungtungtung,tung tung tung  
tuntasmayapadacurang,tuntas mayapada curang
turunkanuktptn,turunkan ukt ptn  
udahkaburbelum,udah kabur belum
udahkaburblum,udah kabur blum  
ujungujungnya,ujung-ujungnya
ukrainarusia,ukraina rusia
unbelieveable,unbelievable  
underestimate,meremehkan
undergraduate,sarjana
undikaburajadulu,undikabur aja dulu  
unemployment,pengangguran
unfavorable,tidak menguntungkan
unitednations,perserikatan bangsa-bangsa
unnecessary,tidak perlu
upgradeskillmu,upgrade skillmu
ussgjapanyurop,ussg japan yurop  
usutmayapada,usut mayapada
vapeindonesia,vape indonesia
very,sangat
videoampunpakde,video ampun pakde
videoindonesiagelap,video indonesia gelap
viralbanget,viral banget
viralcontent,viral content
viralindonesia,viral indonesia
viralterbaru,viral terbaru
viralvideos,viral videos
visitdenmark,visit denmark
visitgalaxystudio,visit galaxy studio
visualfriendly,visual friendly
vlogkeluarga,vlog keluarga
wadidawwwww,wadidaw  
waktunyacuk,waktunya cuk  
wallahualam,wallahu alam
wamenakertrans,wamenakertrans  
wanprestasi,wanprestasi  
wardahcolorfitstudio,wardah colorfit studio
wardahsymradiance,wardah sym radiance
warganegara,warga negara
wargataserbublt,warga taserbu blt  
wattpadrekomendasi,wattpad rekomendasi
webcommunity,web community
weekend,akhir pekan
weekendvibes,weekend vibes
welcomebabyl,welcome baby l  
westernaustralia,western australia
whatsapptlp,whatsapp telpon  
whatshappening,what's happening
whenlifegivesyoutangerines,when life gives you tangerines
wiaindonesia,wia indonesia
winterchang,winter chang  
wkasksakask,wk asksakask  
wkkwkwkwkww,wkwkwk  
wkwkakwoksjwkwkwkk,wkwkwk  
wkwksksksks,wkwksksks  
wkwkwkbener,wkwkwk bener
wkwkwkkekekekekekekkekek,wkwkwk  
wkwkwkkwkwkwk,wkwkwk  
wkwkwkwkkkk,wkwkwk  
wkwkwkwkkwkwkwkwkwkwkwkwkwk,wkwkwk  
wkwkwkwkkwwkwkwk,wkwkwk  
wkwkwkwkwkwk,wkwkwk  
wkwkwkwkwkwkw,wkwkwk  
wkwkwkwkwkwkwk,wkwkwk  
wkwkwkwkwkwwkk,wkwkwk  
wnikaburajadulu,wni kabur aja dulu
woakwoakoakak,woakwoakoakak  
wonderfulindonesia,wonderful indonesia
workfromanywhere,work from anywhere
wow,wow  
wownampaknya,wow nampaknya
writteninaction,written in action
wwwwww,w
xiixixixixixi,xixixi  
xxxxxxxxxx,x
yakaburajadulu,ya kabur aja dulu
yearstoforeversvt,years to forever svt  
yes,ya
yntktshestek,yntktshestek  
yordaniangapain,yordania ngapain  
yuhuuuuuuuuu,yuhuu  
zonabelajar,zona belajar
zsoltzsemba,zsolt zsemba  
zzuperrrrrr,super  
aaa, a
ditangkep,ditangkap
krung,kurang
mencrt,menceritakan
longlonely,kesepian
bkep,berkepala
ngefek,berpengaruh
staynya,tinggalnya
yaudalah,sudahlah
semacamnya,sejenisnya
ngekost,tinggal di kos
ngibul,berbohong
penatlah,lelah
wkwkwk,tertawa
anggep,anggap
absolutely,sangat
cume,cuma
gimane,bagaimana
anjr,anjir
maiaysia,malaysia
minatt,minat
blon,belum
wey,hei
type,tipe
hype,heboh
hyget,hai
aingah,aku
mate,teman
kabehhh,semua
pade,pada
pointnya,poinnya
harihari,sehari-hari
rekomen,rekomendasi
teruk,parah
komplen,komplain
its,ini
gives,memberi
bestie,sahabat
diamÃ‚Â²,diam-diam
ndek,dekat
muted,disenyapkan
arogan,sombong
diamÃ‚Â²,diam-diam
single,tunggal
ck,cukup
keimutan,imut
anjaaay,anjay
rillll,real
search,cari
yaudah,sudah
dikasihin,dikasih
commute,perjalanan
dibelabela,dibelanya
version,versi
kbm,kegiatan belajar mengajar
rudettt,rudet
blogmusik,blog musik
hp,handphone
ceklis,centang
prestisius,bergengsi
mbakmbak,mbak-mbak
beresiko,berisiko
increase,kenaikan
malaydesh,maladewa
bisaÃ‚Â²nya,bisanya
coachny,pelatihnya
iykyk,jika kamu tahu kamu tahu
livehouse,rumah musik
bisaÃ‚Â²nya,bisanya
rogue,nakal
rs,rumah sakit
slimfit,langsing
law,hukum
str,string
oot,di luar topik
loyal,setia
digitalart,seni digital
closeddoor,tertutup
uk,inggris
uhuyy,hore
ngobrolin,mengobrol
answer,jawaban
jgnkan,jangan kan
lgsng,langsung
majikanny,majikannya
riil,nyata
epic,epik
ketrima,diterima
nani,apa
skill,keahlian
asian,asia
banngg,banget
masiku,masaku
banyakhati,banyak hati
booster,penguat
internship,magang
lakiÃ‚Â²,laki-laki
nyelametin,menyelamatkan
kamsiaa,terima kasih
synthetic,sintetis
tahunnn,tahun
dtuntut,dituntut
gradschool,sekolah pascasarjana
lakiÃ‚Â²,laki-laki
ceo,direktur utama
basabasi,formalitas
rejim,rezim
yeaaa,ya
jaman,zaman
bb,blackberry
work,kerja
spark,percikan
realitis,realistis
warteg,warung tegal
stress,stres
xp,pengalaman
closer,lebih dekat
cowoÃ‚Â²,cowok-cowok
fakmen,fakta menarik
housing,perumahan
sukain,sukai
black,hitam
aminkan,amin
freetime,waktu luang
yolo,hidup hanya sekali
allahhh,allah
cowoÃ‚Â²,cowok-cowok
nmpung,menumpang
sgp,singapura
akak,kakak
always,selalu
seolaholah,seolah-olah
bigship,kapal besar
overproud,terlalu bangga
teros,terus
usut,selidiki
unikom,universitas komunikasi
container,wadah
soon,segera
woe,wahai
kedubes,kedutaan besar
bookmark,penanda
wkwwkk,tertawa
pic,gambar
research,penelitian
lezgo,ayo
okeh,oke
ygy,yang benar
benernya,sebenarnya
provider,penyedia
nilep,menilep
wajarlah,wajar
iiiihhh,ih
bully,perundungan
rent,sewa
menegakan,menegakkan
delivering,mengantarkan
piye,bagaimana
any,apa saja
dig,gali
bf,pacar
gajadi,gak jadi
hayuulah,ayo lah
enclave,enklave
meanwhile,sementara itu
keep,simpan
mugi,semoga
izihin,izin
didepan,di depan
bpk,bapak
came,datang
oi,hai
mediocre,biasa saja
immigrant,imigran
gua,aku
udah,sudah
ogeb,ogah
ngebolang,berkelana
betulbisa,benar bisa
mamak,ibu
lamgsung,langsung
sadly,sayangnya
fun,menyenangkan
ketangkap,tertangkap
reply,balasan
eneg,enek
heheh,hehe
dungu,bodoh
nggada,ngada-ngada
ngusir,mengusir
gooo,ayo
spenuhnya,sepenuhnya
invest,investasi
tercanti,tercantum
replies,balasan
naikkann,naikkan
puzzle,teka-teki
crime,kejahatan
serious,serius
pure,murni
house,rumah
centre,pusat
solat,salat
act,bertindak
yakali,masa iya
ngakali,mengakali
noo,tidak
political,politis
siapp,siap
out,keluar
pp,perlindungan
apakabar,apa kabar
safe,aman
imo,menurutku
went,pergi
buyar,berantakan
bacot,bicara
missing,hilang
zone,zona
hakiki,sejati
kurs,kursus
cv,curriculum vitae
retweets,retwit
mom,ibu
cant,tidak bisa
dutch,belanda
baker,pembuat roti
ngono,seperti itu
thd,terhadap
bener,benar
to,untuk
anying,anjing
kga,enggak
logout,keluar
acan,acak
mesti,pasti
insert,sisipkan
ex,mantan
guysss,teman-teman
bapuk,buruk
lemes,lemas
lo,kamu
news,berita
insta,instagram
art,seni
regrets,penyesalan
aside,di samping
sweden,swedia
mentan,menteri pertanian
timing,waktu
manage,kelola
feeling,perasaan
kepake,terpakai
dijulidin,dijulidi
mainin,mainkan
jumbo,besar
diemdiem,diam-diam
mengkhayal,berkhayal
boroÃ‚Â²,apalagi
pabegimana,bagaimana
cream,krim
finisher,penyelesaian
ty,terima kasih
customer,pelanggan
spg,sales promotion girl
ortumu,orang tuamu
tofu,tahu
together,bersama
polri,kepolisian
earn,menghasilkan
motivated,termotivasi
kepengen,pengin
sodara,saudara
believer,percaya
he,dia
byebye,sampai jumpa
spec,spesifikasi
satuju,setuju
coolim,keren
trick,trik
asikkkkk,asik
kepsek,kepala sekolah
migas,minyak dan gas
netijen,netizen
eksisannya,eksistensinya
chart,bagan
anyways,bagaimanapun
turns,berubah
yall,kalian
hello,halo
expired,kadaluarsa
fee,biaya
tingg,tinggi
pkn,pendidikan kewarganegaraan
jare,kata
mfs,orang-orang
inimah,ini mah
subtest,subtes
invalidate,tidak valid
nz,selandia baru
parent,orang tua
days,hari
amaan,aman
army,tentara
mother,ibu
kelarrr,kelar
uwang,uang
barucont,baru kontak
managernya,manajernya
nir,tidak
resident,penghuni
kemgknan,kemungkinan
kotadesa,kota desa
giveaway,hadiah
kontakan,kontak
anjim,anjing
familiar,akrab
berenti,berhenti
grammar,tata bahasa
desadesa,desa-desa
ngoyoh,ngoyo
mbatin,berpikir dalam hati
alamin,alami
girl,gadis
alhasil,pada akhirnya
indonesian,indonesia
kb,keluarga berencana
prof,profesor
segede,sebesar
batuuulll,betul
studytwt,belajar
mengadu,mengeluh
sir,tuan
trailernya,treiler
kuatkuat,kuat
gugat,menggugat
taunya,tahu
ngapainn,ngapain
biayain,membiayai
materai,meterai
seharihari,sehari-hari
secepetnya,secepatnya
papalidan,tergelincir
dispam,spam
junwan,jun wan
bajer,bajingan
geol,geologi
netherland,belanda
piwwww,piw
quotes,kutipan
awalnya,awal
effortku,usahaku
ngandalin,mengandalkan
gabisaaaaa,gabisa
russians,rusia
saturday,sabtu
sepakbola,sepak bola
ngepacu,memacu
ngambil,mengambil
rule,aturan
dailychart,grafik harian
nyolek,mencolek
core,inti
delay,penundaan
adeh,aduh
giver,pemberi
buckup,backup
gabayar,tidak bayar
abuabu,abu-abu
never,tidak pernah
stabilmah,stabil
doain,doakan
running,lari
yayyyy,yay
lawannya,lawan
ditata,diatur
crisis,krisis
jahatnya,jahat
nginep,menginap
sikon,situasi kondisi
galaxya,galaksi
siupaya,supaya
diskip,dilewati
kids,anak-anak
martial,beladiri
unpopular,tidak populer
pair,pasangan
dinegara,di negara
dijepit,terjepit
req,permintaan
kaburnekat,kabur nekat
of,dari
faktanya,fakta
sendal,sandal
stock,stok
simple,sederhana
t________t,t
modall,modal
ceramahin,ceramahi
mghabisi,menghabisi
typo,salah ketik
bangunnya,bangun
videobook,video buku
disclaimer,penafian
inspire,menginspirasi
buuuuu,bu
iyess,iya
iyaps,iya
regular,teratur
ngolok,mengolok
kesusahan,kesulitan
dinegeri,di negeri
sesulit,se sulit
mmprmudah,mempersulit
waaaa,wa
gatau,tidak tahu
training,pelatihan
resiko,risiko
outdoor,luar ruangan
bocillll,bocil
modali,modal
karn,karena
tatacwan,tata cwan
movement,gerakan
kkembil,ambil
kedepan,ke depan
salary,gaji
respect,menghormati
udhlah,sudahlah
kunciajaib,kunci ajaib
graphic,grafis
mpe,sampai
dendamu,dendam
crew,kru
self,diri
explains,menjelaskan
ptriotik,patriotik
carrdnya,kartunya
dititipin,dititipkan
bgttpi,tapi
fossil,fosil
akarnya,akar
bagusnya,bagus
marahnya,marah
woods,hutan
balek,balik
reason,alasan
sholat,salat
yeeeyyyy,yey
ngejodohin,menjodohkan
jawablah,jawab
kahh,kah
roots,akar
separah,se parah
kesell,kesal
precaution,pencegahan
rinovpitha,rinov pitha
pennya,pena
pemiliknya,pemilik
external,eksternal
tulisanya,tulisan
philipine,filipina
mikirdrun,mikir dulu
uas,ujian akhir semester
knew,tahu
digratisin,dihargai
nular,menular
cekidot,lihat
born,lahir
bacagub,baca gub
dongs,dong
foreigner,orang asing
hyunmoo,hyun moo
matiin,matikan
tentrem,tentram
rugiin,rugi
trendz,trend
misahmisuh,misuh
siangsiang,siang
we,kita
player,pemain
wlopun,walau pun
gembokan,gembok
begini,begin
aqeelanya,aqeela
pretend,pura-pura
aaamiinnnn,amin
updates,pembaruan
fyp?viral,viral
wahahahah,wahaha
questions,pertanyaan
diantara,di antara
acaranya,acara
yinn,yin
jijikan,jijik
idamanmu,idaman
whatever,apa pun
dikit,sedikit
setaun,setahun
masyaalloh,masha allah
restonya,resto
mantemen,teman
kesel,kesal
pernahkah,pernah
decent,layak
niatin,niat
tenks,terima kasih
burdened,terbebani
timteng,timur tengah
sbnrnya,sebenarnya
kelompokku,kelompok
title,judul
mauuuuuuuu,mau
iyayak,iya
dipihakku,di pihakku
ampat,empat
gaassss,gas
bokap,bapak
gaining,mendapat
as,sebagai
araaa,ara
kedapatan,terdapat
lvbag,tas lv
menyezalll,menyelesaikan
mungkiinnn,mungkin
tone,nada
perahnya,perah
pamaen,pemain
artiny,artinya
herannya,heran
kecilnya,kecil
yatimjanda,yatim janda
untungnyaa,untungnya
blue,biru
dululanjut,dulu lanjut
list,daftar
bebe,bayi
bahasannya,bahasan
reasons,alasan
term,istilah
scenery,pemandangan
arrived,tiba
amp,dan
gawe,kerja
cobakaka,coba kaka
star,bintang
bangunlah,bangun
timnasday,hari timnas
ludahin,ludahi
societynya,masyarakat
ahlinya,ahli
flawless,sempurna
jeroane,jeroan
kawanku,temanku
waktunya,waktu
disamain,disamakan
mutualan,saling menguntungkan
gurl,gadis
mabestni,mabes
stressful,penuh tekanan
kebalik,terbalik
agstsept,agustus september
other,lain
seharian,sehari
currency,mata uang
mamah,mama
terjebaq,terjebak
dilepaskan,dilepas
kakakkakak,kakak
bantuin,bantu
ngene,begin
foryou,untukmu
hashtagnya,tagar
choiceif,pilihan jika
has,punya
lahdulu,dulu
jawabannya,jawaban
weekly,mingguan
tariff,tarif
nations,negara
these,ini
pekerjanya,pekerja
comment,komentar
dinikahin,dinikahi
cases,kasus
keahlianmu,keahlian
supportif,mendukung
utamain,utamakan
look,lihat
north,utara
misal,misalnya
omongkan,bicarakan
ukrania,ukraina
jobfair,pameran kerja
materinya,materi
amaaat,amat
canada,kanada
loncatan,lompatan
ngopyak,ngopi
kbnyakan,kebanyakan
warganya,warga
elehh,eleh
adekan,adik
reports,laporan
norway,norwegia
obrolannya,obrolan
rank,peringkat
fakk,fak
villages,desa
cintaan,cinta
honest,jujur
silicon,silikon
niehh,nieh
yagitudeh,yang itu
didunia,di dunia
study_abroad,belajar di luar negeri
adaada,ada
gass,gas
domestic,domestik
jlan,jalan
mbok,mbak
east,timur
ditangkep,ditangkap
mencrt,mencoret
theory,teori
longlonely,kesepian
maafnya,maaf
ngefek,berpengaruh
kumahana,kumaha
update,pembaruan
staynya,tetap
yaudalah,sudahlah
everything,semuanya
semacamnya,sejenis
plus,tambah
ngekost,kost
repaint,cat ulang
tokohnya,tokoh
manfaatnya,manfaat
penatlah,penat
anggep,anggap
absolutely,benar
cume,cuma
sesebuah,sebuah
gimane,gimana
anjr,anjir
maiaysia,malaysia
minatt,minat
upgrade,naikkan
rencanain,rencanakan
handmade,buatan tangan
blon,belum
type,tipe
solusinya,solusi
aswww,asw
alquds,al quds
you,kamu
only,hanya
aingah,aing
mate,mati
kabehhhh,semua
bobo,tidur
pade,pada
pointnya,poin
harihari,hari
dalih,alasan
trainee,peserta pelatihan
tegakan,tegakkan
rekomen,rekomendasi
teruk,parah
komplen,keluhan
its,nya
gives,memberi
gubuknya,gubuk
bestie,sahabat
icelandia,islandia
tinggalnya,tinggal
ndek,di
secular,sekuler
muted,bisu
arogan,sombong
bejatnya,bejat
engkau,kamu
single,tunggal
keimutan,imut
anjaaay,anjay
rillll,real
search,cari
yeaah,yeah
terpaling,paling
yaudah,sudahlah
didekat,di dekat
dikasihin,dikasih
commute,perjalanan
ramediam,ramai
version,versi
trennya,trend
gelapnya,gelap
legacy,warisan
rudettt,rudet
blogmusik,blog musik
engineer,insinyur
ceklis,centang
mbakmbak,mbak
beresiko,berisiko
increase,naik
malaydesh,malaysia
baiklah,baik
coachny,pelatih
toiiiii,toi
iykyk,kamu tahu
livehouse,rumah live
rogue,nakal
law,hukum
pilihanku,pilihan
nyokap,ibu
loyal,setia
digitalart,seni digital
pacarku,pacar
closeddoor,tutup pintu
years_togo_withboynextdoor,tahun dengan tetangga
uhuyy,uhuy
ngobrolin,ngobrol
answer,jawab
ibaratnya,ibarat
jgnkan,jangan
lgsng,langsung
majikanny,majikan
epic,epik
ketrima,terima
skill,keahlian
asian,asia
banngg,bang
masiku,masa
banyakhati,banyak hati
internship,magang
nyelametin,selamatkan
kamsiaa,terima kasih
synthetic,sintetis
tahunnn,tahun
dtuntut,dituntut
gradschool,sekolah pascasarjana
belajarnya,belajar
basabasi,basa-basi
rejim,rezim
yeaaa,yeah
jaman,zaman
jordan,yordania
work,kerja
spark,percikan
realitis,realistis
warteg,warung tegal
stress,stres
pibesdeyy,pibesdey
closer,dekat
fakmen,fakta
housing,perumahan
sukain,suka
black,hitam
aminkan,amin
katanya,kata
freetime,waktu luang
bines,bisnis
yolo,kamu hanya hidup sekali
allahhh,allah
nmpung,mumpung
duluan,dulu
akak,kakak
always,selalu
seolaholah,seolah
bigship,kapal besar
siabang,si abang
overproud,terlalu bangga
teros,terus
diaha,dia
balu,janda
lngkah,langkah
container,kontainer
soon,segera
kedubes,kedutaan
dihapuskan,dihapus
bookmark,penanda
research,penelitian
lezgo,ayo
lainmu,lain
okeh,oke
tntng,tentang
benernya,benar
provider,penyedia
nilep,nelap
wajarlah,wajar
iiiihhh,ih
bully,perundungan
rent,sewa
menegakan,menegakkan
delivering,mengirimkan
tangannya,tangan
mandinya,mandi
jiwaku,jiwa
bf,pacar
gajadi,tidak jadi
hayuulah,ayo
pakistani,pakistan
semuanya,semua
enclave,enklave
meanwhile,sementara
keep,simpan
mugi,moga
izihin,izinkan
kuliahdiuk,kuliah di uk
didepan,di depan
twit,kicauan
ojolnya,ojol
came,datang
mediocre,biasa
immigrant,imigran
udah,sudah
ogeb,ogah
betulbisa,betul bisa
mamak,mama
lamgsung,langsung
sadly,sedih
takdirnya,takdir
ketangkap,tertangkap
reply,balas
eneg,enek
unpopular,tidak populer
pair,pasangan
dinegara,di negara
dijepit,terjepit
req,permintaan
kaburnekat,kabur nekat
of,dari
faktanya,fakta
sendal,sandal
stock,stok
simple,sederhana
t________t,t
modall,modal
ceramahin,ceramahi
mghabisi,menghabisi
typo,salah ketik
bangunnya,bangun
videobook,video buku
disclaimer,penafian
inspire,menginspirasi
buuuuu,bu
iyess,iya
iyaps,iya
regular,teratur
ngolok,mengolok
kesusahan,kesulitan
dinegeri,di negeri
sesulit,se sulit
mmprmudah,mempersulit
waaaa,wa
gatau,tidak tahu
training,pelatihan
resiko,risiko
outdoor,luar ruangan
bocillll,bocil
modali,modal
karn,karena
tatacwan,tata cwan
movement,gerakan
kkembil,ambil
kedepan,ke depan
salary,gaji
respect,menghormati
udhlah,sudahlah
kunciajaib,kunci ajaib
graphic,grafis
mpe,sampai
dendamu,dendam
crew,kru
self,diri
explains,menjelaskan
ptriotik,patriotik
carrdnya,kartunya
dititipin,dititipkan
bgttpi,tapi
fossil,fosil
akarnya,akar
bagusnya,bagus
marahnya,marah
woods,hutan
balek,balik
reason,alasan
sholat,salat
yeeeyyyy,yey
ngejodohin,menjodohkan
jawablah,jawab
kahh,kah
roots,akar
separah,se parah
kesell,kesal
precaution,pencegahan
rinovpitha,rinov pitha
pennya,pena
pemiliknya,pemilik
external,eksternal
tulisanya,tulisan
philipine,filipina
mikirdrun,mikir dulu
uas,ujian akhir semester
knew,tahu
digratisin,dihargai
nular,menular
cekidot,lihat
born,lahir
bacagub,baca gub
dongs,dong
foreigner,orang asing
hyunmoo,hyun moo
matiin,matikan
tentrem,tentram
rugiin,rugi
trendz,trend
misahmisuh,misuh
siangsiang,siang
we,kita
player,pemain
wlopun,walau pun
gembokan,gembok
begini,begin
aqeelanya,aqeela
pretend,pura-pura
aaamiinnnn,amin
updates,pembaruan
fyp?viral,viral
wahahahah,wahaha
questions,pertanyaan
diantara,di antara
acaranya,acara
yinn,yin
jijikan,jijik
idamanmu,idaman
whatever,apa pun
dikit,sedikit
setaun,setahun
masyaalloh,masha allah
restonya,resto
mantemen,teman
kesel,kesal
pernahkah,pernah
decent,layak
niatin,niat
tenks,terima kasih
burdened,terbebani
timteng,timur tengah
sbnrnya,sebenarnya
kelompokku,kelompok
title,judul
mauuuuuuuu,mau
iyayak,iya
dipihakku,di pihakku
ampat,empat
gaassss,gas
bokap,bapak
gaining,mendapat
as,sebagai
araaa,ara
kedapatan,terdapat
lvbag,tas lv
menyezalll,menyelesaikan
mungkiinnn,mungkin
tone,nada
perahnya,perah
pamaen,pemain
artiny,artinya
herannya,heran
kecilnya,kecil
yatimjanda,yatim janda
untungnyaa,untungnya
blue,biru
dululanjut,dulu lanjut
list,daftar
bebe,bayi
bahasannya,bahasan
reasons,alasan
term,istilah
scenery,pemandangan
arrived,tiba
amp,dan
gawe,kerja
cobakaka,coba kaka
star,bintang
bangunlah,bangun
timnasday,hari timnas
ludahin,ludahi
societynya,masyarakat
ahlinya,ahli
flawless,sempurna
jeroane,jeroan
kawanku,temanku
waktunya,waktu
disamain,disamakan
mutualan,saling menguntungkan
gurl,gadis
mabestni,mabes
stressful,penuh tekanan
kebalik,terbalik
agstsept,agustus september
other,lain
seharian,sehari
currency,mata uang
mamah,mama
terjebaq,terjebak
dilepaskan,dilepas
kakakkakak,kakak
bantuin,bantu
ngene,begin
foryou,untukmu
hashtagnya,tagar
choiceif,pilihan jika
has,punya
lahdulu,dulu
jawabannya,jawaban
weekly,mingguan
tariff,tarif
nations,negara
these,ini
pekerjanya,pekerja
comment,komentar
dinikahin,dinikahi
cases,kasus
keahlianmu,keahlian
supportif,mendukung
utamain,utamakan
look,lihat
north,utara
misal,misalnya
omongkan,bicarakan
ukrania,ukraina
jobfair,pameran kerja
materinya,materi
amaaat,amat
canada,kanada
loncatan,lompatan
ngopyak,ngopi
kbnyakan,kebanyakan
warganya,warga
elehh,eleh
adekan,adik
reports,laporan
norway,norwegia
obrolannya,obrolan
rank,peringkat
fakk,fak
villages,desa
cintaan,cinta
honest,jujur
silicon,silikon
niehh,nieh
yagitudeh,yang itu
didunia,di dunia
study_abroad,belajar di luar negeri
adaada,ada
gass,gas
domestic,domestik
jlan,jalan
mbok,mbak
east,timur
ditangkep,ditangkap
mencrt,mencoret
theory,teori
longlonely,kesepian
maafnya,maaf
ngefek,berpengaruh
kumahana,kumaha
update,pembaruan
staynya,tetap
yaudalah,sudahlah
everything,semuanya
semacamnya,sejenis
plus,tambah
ngekost,kost
repaint,cat ulang
tokohnya,tokoh
manfaatnya,manfaat
penatlah,penat
anggep,anggap
absolutely,benar
cume,cuma
sesebuah,sebuah
gimane,gimana
anjr,anjir
maiaysia,malaysia
minatt,minat
upgrade,naikkan
rencanain,rencanakan
handmade,buatan tangan
blon,belum
type,tipe
solusinya,solusi
aswww,asw
alquds,al quds
you,kamu
only,hanya
aingah,aing
mate,mati
kabehhhh,semua
bobo,tidur
pade,pada
pointnya,poin
harihari,hari
dalih,alasan
trainee,peserta pelatihan
tegakan,tegakkan
rekomen,rekomendasi
teruk,parah
komplen,keluhan
its,nya
gives,memberi
gubuknya,gubuk
bestie,sahabat
icelandia,islandia
tinggalnya,tinggal
ndek,di
secular,sekuler
muted,bisu
arogan,sombong
bejatnya,bejat
engkau,kamu
single,tunggal
keimutan,imut
anjaaay,anjay
rillll,real
search,cari
yeaah,yeah
terpaling,paling
yaudah,sudahlah
didekat,di dekat
dikasihin,dikasih
commute,perjalanan
ramediam,ramai
version,versi
trennya,trend
gelapnya,gelap
legacy,warisan
rudettt,rudet
blogmusik,blog musik
engineer,insinyur
ceklis,centang
mbakmbak,mbak
beresiko,berisiko
increase,naik
malaydesh,malaysia
baiklah,baik
coachny,pelatih
toiiiii,toi
iykyk,kamu tahu
livehouse,rumah live
rogue,nakal
law,hukum
pilihanku,pilihan
nyokap,ibu
loyal,setia
digitalart,seni digital
pacarku,pacar
closeddoor,tutup pintu
years_togo_withboynextdoor,tahun dengan tetangga
uhuyy,uhuy
ngobrolin,ngobrol
answer,jawab
ibaratnya,ibarat
jgnkan,jangan
lgsng,langsung
majikanny,majikan
epic,epik
ketrima,terima
skill,keahlian
asian,asia
banngg,bang
masiku,masa
banyakhati,banyak hati
internship,magang
nyelametin,selamatkan
kamsiaa,terima kasih
synthetic,sintetis
tahunnn,tahun
dtuntut,dituntut
gradschool,sekolah pascasarjana
belajarnya,belajar
basabasi,basa-basi
rejim,rezim
yeaaa,yeah
jaman,zaman
jordan,yordania
work,kerja
spark,percikan
realitis,realistis
warteg,warung tegal
stress,stres
pibesdeyy,pibesdey
closer,dekat
fakmen,fakta
housing,perumahan
sukain,suka
black,hitam
aminkan,amin
katanya,kata
freetime,waktu luang
bines,bisnis
yolo,kamu hanya hidup sekali
allahhh,allah
nmpung,mumpung
duluan,dulu
akak,kakak
always,selalu
seolaholah,seolah
bigship,kapal besar
siabang,si abang
overproud,terlalu bangga
teros,terus
diaha,dia
balu,janda
lngkah,langkah
container,kontainer
soon,segera
kedubes,kedutaan
dihapuskan,dihapus
bookmark,penanda
research,penelitian
lezgo,ayo
lainmu,lain
okeh,oke
tntng,tentang
benernya,benar
provider,penyedia
nilep,nelap
wajarlah,wajar
iiiihhh,ih
bully,perundungan
rent,sewa
menegakan,menegakkan
delivering,mengirimkan
tangannya,tangan
mandinya,mandi
jiwaku,jiwa
bf,pacar
gajadi,tidak jadi
hayuulah,ayo
pakistani,pakistan
semuanya,semua
enclave,enklave
meanwhile,sementara
keep,simpan
mugi,moga
izihin,izinkan
kuliahdiuk,kuliah di uk
didepan,di depan
twit,kicauan
ojolnya,ojol
came,datang
mediocre,biasa
immigrant,imigran
udah,sudah
ogeb,ogah
betulbisa,betul bisa
mamak,mama
lamgsung,langsung
sadly,sedih
takdirnya,takdir
ketangkap,tertangkap
reply,balas
eneg,enek
unpopular,tidak populer
pair,pasangan
dinegara,di negara
dijepit,terjepit
req,permintaan
kaburnekat,kabur nekat
of,dari
faktanya,fakta
sendal,sandal
stock,stok
simple,sederhana
t________t,t
modall,modal
ceramahin,ceramahi
mghabisi,menghabisi
typo,salah ketik
bangunnya,bangun
videobook,video buku
disclaimer,penafian
inspire,menginspirasi
buuuuu,bu
iyess,iya
iyaps,iya
regular,teratur
ngolok,mengolok
kesusahan,kesulitan
dinegeri,di negeri
sesulit,se sulit
mmprmudah,mempersulit
waaaa,wa
gatau,tidak tahu
training,pelatihan
resiko,risiko
outdoor,luar ruangan
bocillll,bocil
modali,modal
karn,karena
tatacwan,tata cwan
movement,gerakan
kkembil,ambil
kedepan,ke depan
salary,gaji
respect,menghormati
udhlah,sudahlah
kunciajaib,kunci ajaib
graphic,grafis
mpe,sampai
dendamu,dendam
crew,kru
self,diri
explains,menjelaskan
ptriotik,patriotik
carrdnya,kartunya
dititipin,dititipkan
bgttpi,tapi
fossil,fosil
akarnya,akar
bagusnya,bagus
marahnya,marah
woods,hutan
balek,balik
reason,alasan
sholat,salat
yeeeyyyy,yey
ngejodohin,menjodohkan
jawablah,jawab
kahh,kah
roots,akar
separah,se parah
kesell,kesal
precaution,pencegahan
rinovpitha,rinov pitha
pennya,pena
pemiliknya,pemilik
external,eksternal
tulisanya,tulisan
philipine,filipina
mikirdrun,mikir dulu
uas,ujian akhir semester
knew,tahu
digratisin,dihargai
nular,menular
cekidot,lihat
born,lahir
bacagub,baca gub
dongs,dong
foreigner,orang asing
hyunmoo,hyun moo
matiin,matikan
tentrem,tentram
rugiin,rugi
trendz,trend
misahmisuh,misuh
siangsiang,siang
we,kita
player,pemain
wlopun,walau pun
gembokan,gembok
begini,begin
aqeelanya,aqeela
pretend,pura-pura
aaamiinnnn,amin
updates,pembaruan
fyp?viral,viral
wahahahah,wahaha
questions,pertanyaan
diantara,di antara
acaranya,acara
yinn,yin
jijikan,jijik
idamanmu,idaman
whatever,apa pun
dikit,sedikit
setaun,setahun
masyaalloh,masha allah
restonya,resto
mantemen,teman
kesel,kesal
pernahkah,pernah
decent,layak
niatin,niat
tenks,terima kasih
burdened,terbebani
timteng,timur tengah
sbnrnya,sebenarnya
kelompokku,kelompok
title,judul
mauuuuuuuu,mau
iyayak,iya
dipihakku,di pihakku
ampat,empat
gaassss,gas
bokap,bapak
gaining,mendapat
as,sebagai
araaa,ara
kedapatan,terdapat
lvbag,tas lv
menyezalll,menyelesaikan
mungkiinnn,mungkin
tone,nada
perahnya,perah
pamaen,pemain
artiny,artinya
herannya,heran
kecilnya,kecil
yatimjanda,yatim janda
untungnyaa,untungnya
blue,biru
dululanjut,dulu lanjut
list,daftar
bebe,bayi
bahasannya,bahasan
reasons,alasan
term,istilah
scenery,pemandangan
arrived,tiba
amp,dan
gawe,kerja
cobakaka,coba kaka
star,bintang
bangunlah,bangun
timnasday,hari timnas
ludahin,ludahi
societynya,masyarakat
ahlinya,ahli
flawless,sempurna
jeroane,jeroan
kawanku,temanku
waktunya,waktu
disamain,disamakan
mutualan,saling menguntungkan
gurl,gadis
mabestni,mabes
stressful,penuh tekanan
kebalik,terbalik
agstsept,agustus september
other,lain
seharian,sehari
currency,mata uang
mamah,mama
terjebaq,terjebak
dilepaskan,dilepas
kakakkakak,kakak
bantuin,bantu
ngene,begin
foryou,untukmu
hashtagnya,tagar
choiceif,pilihan jika
has,punya
lahdulu,dulu
jawabannya,jawaban
weekly,mingguan
tariff,tarif
nations,negara
these,ini
pekerjanya,pekerja
comment,komentar
dinikahin,dinikahi
cases,kasus
keahlianmu,keahlian
supportif,mendukung
utamain,utamakan
look,lihat
north,utara
misal,misalnya
omongkan,bicarakan
ukrania,ukraina
jobfair,pameran kerja
materinya,materi
amaaat,amat
canada,kanada
loncatan,lompatan
ngopyak,ngopi
kbnyakan,kebanyakan
warganya,warga
elehh,eleh
adekan,adik
reports,laporan
norway,norwegia
obrolannya,obrolan
rank,peringkat
fakk,fak
villages,desa
cintaan,cinta
honest,jujur
silicon,silikon
niehh,nieh
yagitudeh,yang itu
didunia,di dunia
study_abroad,belajar di luar negeri
adaada,ada
gass,gas
domestic,domestik
jlan,jalan
mbok,mbak
east,timur
ditangkep,ditangkap
krung,kurang
mencrt,mencoret
theory,teori
longlonely,kesepian
kls,kelas
bkep,berkepala
sbt,sebut
ngefek,berpengaruh
kumahana,kumandang
update,perbarui
staynya,tinggalnya
yaudalah,ya sudah
sijeuni,si jeuni
everything,semuanya
semacamnya,sejenisnya
plus,tambah
ngekost,mengekos
repaint,cat ulang
ngibul,berbohong
penatlah,lelah
wkwkwk,tertawa
fg,fokus grup
bbm,minyak tanah
animo,antusiasme
anggep,anggap
fh,fokus grup
absolutely,sangat
suy,si uy
cume,cuma
sesebuah,sebuah
gimane,gimana
sutt,sebut
anjr,anjir
maiaysia,malaysia
minatt,minat
upgrade,tingkatkan
rgs,registrasi
rencanain,rencanakan
handmade,buatan tangan
blon,belum
ibv,ibukota
wey,wei
type,tipe
hype,heboh
aswww,asik
ikn,ibukota negara
alquds,al quds
hyget,hai
you,kamu
only,hanya
aingah,ingat
mate,mati
kabehhhh,semua
bobo,tidur
pade,pada
pointnya,poinnya
nad,nada
bumble,bingung
harihari,sehari-hari
dalih,alasan
trainee,peserta pelatihan
tegakan,tegakkan
rekomen,rekomendasi
wos,was
gtlt,gatal
teruk,parah
komplen,keluhan
its,nya
kaish,keisya
gives,beri
ius,izin
bestie,sahabat
icelandia,islandia
diamÃ‚Â²,diam-diam
ndek,di
secular,sekuler
muted,bisu
arogan,sombong
notabene,pada dasarnya
single,tunggal
kementan,kementerian pertanian
ck,cek
yordan,yordania
anjaaay,anjay
rillll,real
search,cari
yeaah,ya
terpaling,paling
yaudah,ya sudah
dikasihin,dikasihi
commute,perjalanan
ramediam,ramai
version,versi
kbm,kegiatan belajar mengajar
legacy,warisan
rudettt,rudet
blogmusik,blog musik
engineer,insinyur
ceklis,centang
prestisius,bergengsi
mbakmbak,mbak-mbak
beresiko,berisiko
increase,naik
malaydesh,maladewa
bisaÃ‚Â²nya,bisanya
coachny,pelatihnya
toiiiii,toi
iykyk,jika kamu tahu kamu tahu
livehouse,rumah hidup
prg,program
rogue,nakal
rs,rumah sakit
law,hukum
nyokap,ibu
oot,keluar topik
loyal,setia
digitalart,seni digital
closeddoor,pintu tertutup
years_togo_withboynextdoor,tahun_untuk pergi dengan anak sebelah
uk,inggris
uhuyy,uhuy
ngobrolin,ngobrol
answer,jawab
jgnkan,jangan kan
lgsng,langsung
majikanny,majikannya
riil,nyata
epic,epik
ketrima,diterima
skill,keahlian
asian,asia
banngg,bang
banyakhati,banyak hati
internship,magang
lakiÃ‚Â²,laki-laki
nyelametin,menyelamatkan
kamsiaa,terima kasih
synthetic,sintetis
tahunnn,tahun
dtuntut,dituntut
gradschool,sekolah pascasarjana
basabasi,basa-basi
rejim,rezim
yeaaa,ya
pangdam,panglima daerah militer
jaman,zaman
jordan,yordania
work,kerja
spark,percikan
realitis,realistis
warteg,warung tegal
stress,stres
pibesdeyy,pibesdey
closer,lebih dekat
cowoÃ‚Â²,cowok-cowok
fakmen,fakta menarik
housing,perumahan
sukain,suka
black,hitam
aminkan,amin
freetime,waktu luang
bines,bisnis
yolo,hidup hanya sekali
allahhh,allah
nmpung,menumpang
sgp,singapura
akak,kakak
always,selalu
seolaholah,seolah-olah
bigship,kapal besar
siabang,si abang
overproud,sangat bangga
teros,terus
digaungkan,digembar-gemborkan
diaha,dia ha
lngkah,langkah
container,wadah
soon,segera
kedubes,kedutaan besar
bookmark,penanda buku
wkwwkk,tertawa
pic,gambar
research,penelitian
lezgo,ayo pergi
okeh,oke
tntng,tentang
ygy,yang benar
benernya,benarnya
provider,penyedia
nilep,menilep
wajarlah,wajar
iiiihhh,ih
bully,perundungan
rent,sewa
menegakan,menegakkan
delivering,mengantarkan
any,apa saja
dig,galian
bf,pacar
gajadi,gagal jadi
hayuulah,ayo lah
pakistani,pakistan
meanwhile,sementara itu
keep,simpan
mugi,moga
izihin,izinkan
kuliahdiuk,kuliah di uk
didepan,di depan
bpk,bapak
twit,kicauan
came,datang
mediocre,biasa-biasa saja
immigrant,imigran
gua,saya
udah,sudah
ngebolang,berkelana
betulbisa,benar bisa
mamak,ibu
lamgsung,langsung
sadly,sedihnya
fun,menyenangkan
ketangkap,tertangkap
reply,balasan
eneg,enek
heheh,hehe
dungu,bodoh
nggada,ngada-ngada
ngusir,mengusir
gooo,ayo
spenuhnya,sepenuhnya
invest,investasi
tercanti,tercantik
replies,balasan
naikkann,naikkan
puzzle,teka-teki
crime,kejahatan
serious,serius
pure,murni
house,rumah
centre,pusat
israhell,israel
rayain,rayakan
act,bertindak
yakali,masa iya
ngakali,mengakali
noo,tidak
political,politik
siapp,siap
out,keluar
apakabar,apa kabar
uae,uni emirat arab
safe,aman
imo,menurutku
went,pergi
bacot,bicara
missing,hilang
zone,zona
enemynya,musuhnya
lpg,elpiji
hakiki,sejati
kurs,kursus
cv,daftar riwayat hidup
retweets,retweet
mom,ibu
cewekkalem,cewek kalem
keidean,ide bagus
pelanpelan,perlahan
dutch,belanda
baker,pembuat roti
thd,terhadap
bener,benar
to,untuk
kga,enggak
logout,keluar
lesinggris,les inggris
mesti,pasti
insert,sisipkan
ngeenngg,enggak
ex,mantan
guysss,guys
lemes,lemas
news,berita
depokk,depok
insta,instagram
art,seni
regrets,penyesalan
aside,di samping
sweden,swedia
mentan,menteri pertanian
atauuu,atau
vcsgratis,vcs gratis
timing,waktu
manage,kelola
feeling,perasaan
kepake,terpakai
dijulidin,dijulid
ngolah,olah
mainin,mainkan
diemdiem,diam-diam
mengkhayal,berkhayal
boroÃ‚Â²,apalagi
pabegimana,bagaimana
cream,krim
finisher,penyelesaian
customer,pelanggan
ortumu,orang tuamu
rrc,republik rakyat cina
tofu,tahu
together,bersama
genshintwt,genshin twitter
polri,kepolisian republik indonesia
earn,dapatkan
motivated,termotivasi
cuakzzz,cuak
kepengen,pengen
sodara,saudara
believer,percaya
byebye,sampai jumpa
spec,spesifikasi
satuju,setuju
trick,trik
asikkkkk,asik
kepsek,kepala sekolah
migas,minyak dan gas
eksisannya,eksistensinya
chart,bagan
anyways,bagaimanapun
turns,berubah
wkkwwmkw,tertawa
lÃƒÂ©gion,legiun
yall,kalian
hello,halo
becandain,becandaan
expired,kadaluarsa
dzolim,zalim
fee,biaya
tingg,tinggi
hehehe,hehe
jare,kata
inimah,ini mah
invalidate,batalkan
nz,selandia baru
parent,orang tua
days,hari
amaan,aman
army,tentara
mother,ibu
kelarrr,kelar
tlinga,telinga
uwang,uang
barucont,baru cont
managernya,manajernya
resident,penghuni
kemgknan,kemungkinan
kotadesa,kota desa
giveaway,hadiah
kontakan,kontak
anjim,anjir
berenti,berhenti
gilabet,gila bet
grammar,tata bahasa
paaaak,pak
desadesa,desa-desa
ngoyoh,ngoyo
mbatin,batin
alamin,alami
girl,gadis
panthau_terus,pantau terus
indonesian,indonesia
kb,keluarga berencana
tidak_baku,kata_baku
ing,ingin
asylum,suaka
apk,aplikasi
nyicip,mencicipi
vibe,vibes
koreanya,korea
bimbel,bimbingan belajar
danantara,dan antara
dikeluarga,di keluarga
made,buatan
rl,real life
mentrigger,memicu
fisip,fakultas ilmu sosial dan politik
harusny,harusnya
pls,tolong
pakdhe,paman
edge,tepi
catattttt,catat
americans,orang amerika
villains,penjahat
lives,hidup
item,barang
nganggur,pengangguran
helpdesc,bantuan desk
turutin,ikuti
hiring,perekrutan
nice,bagus
idr,rupiah
ride,naik
dpr_ri,dewan perwakilan rakyat republik indonesia
modalllll,modal
statement,pernyataan
pathway,jalur
them,mereka
digalakin,digalakkan
blood,darah
nih,ini
merekakok,merekalah
article,artikel
in,dalam
reliable,andal
thanks,terima kasih
mtk,matematika
belandayg,belanda yang
ajg,anjing
before,sebelum
pkerjaan,pekerjaan
was,adalah
ngeyel,ngotot
run,lari
cenah,katanya
not,tidak
penak,enak
tuju,tujuan
ayookk,ayo
graduation,wisuda
thaiiii,thai
kresten,kristen
dimenangin,dimenangkan
cerpen,cerita pendek
convincing,meyakinkan
eeeh,eh
nyantol,tersangkut
aplg,apalagi
fb,facebook
setting,pengaturan
ancangÃ‚Â²,ancang-ancang
lg,lagi
reff,referensi
tangkep,tangkap
insafinsaf,insaf-insaf
kudakuda,kuda-kuda
siisteur,si istri
doyan,suka
kekeh,ngotot
native,asli
eropah,eropa
omgggg,omg
sbmptn,seleksi bersama masuk perguruan tinggi negeri
all,semua
might,mungkin
asu,anjing
casenya,kasusnya
cust,pelanggan
critical,kritis
manisÃ‚Â²,manis-manis
preferably,lebih disukai
betul,benar
mount,gunung
ill,sakit
pindaha,pindah
nge,ng-
exists,ada
sharing,berbagi
founder,pendiri
luarbiasa,luar biasa
ekstrim,ekstrem
walaupun,meskipun
masyrakat,masyarakat
kimjongun,kim jong un
dipaksain,dipaksakan
squad,regu
cowokÃ‚Â²,cowok-cowok
said,berkata
with,dengan
wonderful,indah
associates,rekan
technical,teknis
baikÃ‚Â²,baik-baik
index,indeks
find,temukan
noted,tercatat
wedding,pernikahan
progrm,program
hoax,hoaks
saatny,saatnya
blessed,diberkati
walkot,walikota
sposor,sponsor
nitip,menitipkan
hometown,kampung halaman
capable,mampu
ask,tanya
lu,kamu
dijahatin,dijahati
ngikut,ikut
shoot,tembak
fasum,fasilitas umum
therapist,terapis
dimodalin,dimodali
revormasi,reformasi
telpun,telepon
sidangg,sidang
previlege,privilege
my,saya
blt,bantuan langsung tunai
naikan,naikkan
kangeep,kangen
abt,tentang
klopun,kalau pun
alone,sendiri
srtress,stres
soree,sore
positive,positif
yeaaayyyy,yeay
tv,televisi
apbn,anggaran pendapatan dan belanja negara
warmly,hangat
gasken,gas kan
apbnapbd,apbn dan apbd
pertahun,per tahun
arsenÃ£Â…Â¡,arsenal
ohiya,oh iya
tetiba,tiba-tiba
expense,pengeluaran
names,nama
idols,idola
pmi,palang merah indonesia
kupercaya,percaya
kalopun,kalau pun
gap,kesenjangan
leaving,meninggalkan
kekirim,terkirim
paslonÃ‚Â²an,paslon-paslonan
katany,katanya
smpyn,semoga
dzalim,zalim
wish,harapan
current,saat ini
best,terbaik
brayyyy,bray
dikabarin,dikabari
turn,berganti
ending,akhir
seriusannn,serius
pearl,mutiara
talent,bakat
stepbystep,langkah demi langkah
iqrooo,iqra
wealth,kekayaan
undagan,undangan
man,pria
hubungin,hubungi
insetif,insentif
hoii,hoi
skip,lewati
tariftrump,tarif trump
mengkap,menangkap
iot,internet of things
orangtuaku,orang tuaku
ntu,itu
dannnnn,dan
panenraya,panen raya
until,sampai
dibenak,di benak
gajauh,jauh
romance,percintaan
disini,di sini
mendag,menteri perdagangan
response,tanggapan
bukann,bukan
influx,aliran masuk
i,saya
uu,undang-undang
ku,saya
swipe,gesek
manalah,mana
jordania,yordania
buleee,bule
draft,draf
chill,santai
kaburr,kabur
pagii,pagi
itb,institut teknologi bandung
mateng,matang
having,memiliki
plz,tolong
session,sesi
apakh,apakah
expect,harapkan
benat,benar
zonauangÃ¡Â…Â Ã¡Â…Â Ã¡Â…Â ,zonauang
bedjat,bejat
layoff,phk
scratch,goresan
choach,pelatih
user,pengguna
innovation,inovasi
ngalihin,ngalihkan
pujipuji,puji-puji
gadogado,gado-gado
udahlh,sudahlah
sihmau,sih mau
selamatttt,selamat
ngomonge,ngomong
auntyku,tanteku
means,berarti
neger,negeri
bgst,bangsat
fakkk,fak
skincare,perawatan kulit
replyan,balasan
communism,komunisme
temple,kuil
dinikmatin,dinikmati
dialihin,dialihkan
intake,asupan
finish,selesai
kementrian,kementerian
one,satu
betahbetah,betah-betah
ngo,lembaga swadaya masyarakat
tolooong,tolong
step,langkah
adekmu,adikmu
iye,iya
girls,gadis
gaksiii,gak sih
mengolohok,mengolok-olok
dllgak,dan lain-lain gak
econ,ekonomi
lamaranna,lamaran
sebarapa,seberapa
mengikut,mengikuti
hayoo,hayo
probation,masa percobaan
reflection,refleksi
voter,pemilih
sunday,minggu
relate,berhubungan
gessss,gesss
his,nya
tried,mencoba
cos,karena
susahny,susahnya
berjodo,berjodoh
theyd,mereka akan
labalaba,laba-laba
gabisanya,gak bisa
bego,bodoh
jabar,jawa barat
joke,canda
tbh,sejujurnya
pokisnya,pokoknya
diliatin,dilihat
paid,berbayar
prabowoout,prabowo keluar
ugmgelap,ugm gelap
kekuasan,kekuasaan
benerin,benarkan
nippon,jepang
group,grup
cooked,dimasak
sincerely,dengan tulus
body,tubuh
game,permainan
danantar,dan antar
faskes,fasilitas kesehatan
bjirrrr,bjir
diharapin,diharapkan
dianggep,dianggap
new,baru
busett,buset
pemimpine,pemimpinnya
unjukrasa,unjuk rasa
sekalikali,sekali-kali
kedepannya,ke depannya
durunge,dulu
kampuang,kampung
roof,atap
lansung,langsung
sedekat,se dekat
ofc,tentu saja
umkm,usaha mikro kecil menengah
gdp,produk domestik bruto
save,simpan
im,saya
emosiii,emosi
diajakin,diajak
couple,pasangan
smu,sekolah menengah umum
pemrentah,pemerintah
freunde,teman
putusin,putuskan
initial,awal
cobaÃ‚Â²,coba-coba
unt,untuk
lucubgt,lucu banget
rejekine,rejekinya
penganti,pengganti
genz,gen z
breakfast,sarapan
pmaÃ‚Â²,pma-pma
essay,esai
hidden,tersembunyi
produce,produksi
amiiinnnnn,amin
triiing,triiiing
apasihhhh,apa sih
singapurr,singapura
diindo,di indonesia
ujan,hujan
seakanakan,seakan-akan
defectors,pembelot
bansos,bantuan sosial
tooth,gigi
ntt,nusa tenggara timur
mirror,cermin
powernya,kekuatannya
love,cinta
okey,oke
text,teks
dont,jangan
ye,ya
planner,perencana
jobdesk,deskripsi pekerjaan
entar,nanti
polosss,polos
discussed,dibahas
ownernya,pemiliknya
lab,laboratorium
jealous,cemburu
kodekode,kode-kode
dirumah,di rumah
yuksss,yuk
votersdni,pemilih dni
manaaku,mana aku
tidak_baku,kata_baku
shit,sial
disodorin,disodorkan
osome,awesome
nimpalin,membalas
yowes,sudah
aowkwowk,tertawa
projo,proyek
keiri,iri
bjirr,astaga
wts,ingin jual
dipajeki,dipajaki
costum,kostum
hese,hebat
jae,jawa
akutau,aku tahu
ga,tidak
toh,tetap
memalidkan,melakukan
sabongayam,sabung ayam
etuw,etika
anjirlah,astaga
dicariin,dicari
rungsing,risau
bilg,blog
sebobrok,seburuk
shshsh,ssst
arendelle,arendel
plsss,tolong
amsyong,mengagumkan
kontrakin,menentang
ciwi,cewek
zonauanng,zona uang
indan,indah
klp,kelompok
moggo,mogok
hq_agzeps,headquarters agzeps
emaak,emak
indogdesh,indonesia bangladesh
entut,kentut
yallah,ya Allah
mendang,menang
trum,terus
jos,bagus
slr,serius
bgitulah,begitulah
kalee,kali
byeeee,selamat tinggal
mafiabet,mafia judi
nolnolnol,nol
setÃ‚Â½Ã‚Â½,set
sh,silent
muv,movie
syulit,sulit
australi,australia
uringan,uring-uringan
mjb,maju bersama
jancokkkkk,sialan
transum,transmisi
samapi,sampai
hasilny,hasilnya
gabisaa,tidak bisa
mmng,memang
kdmana,ke mana
bre,bang
hahahahaa,tertawa
treakkkk,teriak
pndh,panjang
inajpn,di jepang
nakÃ‚Â²,anak-anak
awowkwowk,tertawa
ngelist,daftar
dicurangi,ditipu
ngechat,chat
akwwkwkkw,tertawa
garagara,karena
diusahkan,diurus
nashi,nasi
sampean,anda
degdegan,deg-degan
munculah,muncullah
pipol,people
mmff,film
ni_ki,niki
agz,agus
waow,wow
boos,bos
jl,jalan
opp,oposisi
supe,super
pcku,pacarku
menuhÃ‚Â²in,memenuhi
sbyjogja,surabaya jogja
belumn,belum
iyes,iya
dumb,bodoh
guysssaku,teman-temanku
ngitung,menghitung
bacotannya,omongan
kbanyakan,kebanyakan
lulusaan,lulusan
rakjel,rak jel
tus,tusuk
pejambret,penjambret
banyangin,bayangkan
rekanÃ‚Â²,rekan-rekan
mafiamigas,mafia migas
ngerinya,ngeri
furoda,farida
nepatin,menepati
ayojudi,ayo judi
kelshinta,kelas hina
ramerame,rame-rame
sedeket,dekat
sangean,sange
preennn,preman
abangÃ‚Â²,abang-abang
plihan,pilihan
sedangakan,sedangkan
kemanaaa,ke mana
omggg,astaga
mintol,minta tolong
semangaaat,semangat
kalean,kalian
dulunantab,dulu nantab
photoism,fotografi
ambistwt,ambis twitter
malming,malam minggu
membanyaki,membanyakkan
bubbly,ceria
sundubu,sundul bu
picek,pecah
toknot,toko online
wkwjwkw,tertawa
pulician,politician
disinih,di sini
pastu,pastinya
congratsss,selamat
mlenca,melenceng
ez,mudah
sugik,sugih
boikat,boikot
hskk,hausk
sgini,seperti ini
kpbj,kepala bidang
jkwi,jakarta
madesu,masa depan suram
briman,bermanfaat
mahalgue,mahal
gmnlah,gimana
twatter,twitter
mashoook,masuk
kntl,kontol
sd,sekolah dasar
lhaa,lha
ilpol,ilmu politik
hbistu,habis itu
tidak_baku,kata_baku
keos,kos
geger,kegemparan
bilek,bilik
ngeeng,mengeong
otw,sedang dalam perjalanan
adek,adik
uclfinal,final liga champions
njirrrr,astaga
beb,bebas
jek,jaka
aru,baru
lek,lelah
tppo,tahanan politik
mm,milimeter
beler,belerang
fail,gagal
djogja,yogyakarta
prakteknya,praktiknya
jyp,perusahaan hiburan
goo,google
porak,porak-poranda
ngefreeze,membeku
chudai,perbuatan tidak senonoh
harqeel,harap
dit,di
dipsi,depresi
klemar,klempar
onyin,orang
zonajajanÃ¡Â…Â Ã¡Â…Â ,zona jajan
caa,cara
sekarepku,sesuka hatiku
cumlaude,dengan pujian
akamsi,akademisi
trensing,trendi
spek,spesifikasi
gbu,semoga Tuhan memberkati
wowokarena,wow karena
julidin,menghina
haarp,teknologi modifikasi cuaca
rsj,rumah sakit jiwa
dptnya,dapatnya
ft,kaki
unice,unicef
cn,china
aaghhhh,aduh
eww,jijik
gakan,tidak akan
kg,kilogram
mens,menstruasi
butuhkerja,butuh kerja
gaskg,gasak
usversion,versi amerika
iw,israel
welly,welli
jelekan,jelek
deemed,dianggap
wkowkowko,tertawa
negaraÃ‚Â²,negara-negara
thirsttrap,jebakan perhatian
pienes,penis
krl,kereta rel listrik
ppn,pajak pertambahan nilai
indo,indonesia
wtb,ingin membeli
bkl,bakal
bjirlah,astaga
wede,wedew
craaazyyuy,gila
lolol,tertawa
ee,ya
ieu,ini
ngantti,ngantuk
ngeftiin,menghafal
ollÃ‡Âh,olah
afh,astaga
konglo,konglomerat
podo,sama
smngt,semangat
bagj,bagus
brmnft,bermanfaat
lbi,lebih
wes,sudah
st,saint
loundry,laundry
hkg,hong kong
ed,edisi
cungg,cung
oui,ya
maybe,mungkin
mengnyaa,mengeong
niki,ini
lesgoo,ayo
mviews,jumlah tayangan
lebi,lebih
viralvideo,video viral
sae,saja
hmmh,hmm
je,juga
cauw,cowok
omonomon,omong kosong
mentokÃ‚Â²,mentok
soalny,soalnya
dululebih,dulu lebih
blyaw,belum tahu
ain,ada
desik,desak
youreeee,anda
pkwt,perjanjian kerja waktu tertentu
gaskg,gasak
usversion,versi amerika
iw,israel
welly,welli
jelekan,jelek
deemed,dianggap
wkowkowko,tertawa
negaraÃ‚Â²,negara-negara
thirsttrap,jebakan perhatian
pienes,penis
krl,kereta rel listrik
ppn,pajak pertambahan nilai
indo,indonesia
wtb,ingin membeli
bkl,bakal
bjirlah,astaga
wede,wedew
craaazyyuy,gila
lolol,tertawa
ee,ya
ieu,ini
ngantti,ngantuk
ngeftiin,menghafal
ollÃ‡Âh,olah
afh,astaga
konglo,konglomerat
podo,sama
smngt,semangat
bagj,bagus
brmnft,bermanfaat
lbi,lebih
wes,sudah
st,saint
loundry,laundry
hkg,hong kong
ed,edisi
cungg,cung
oui,ya
maybe,mungkin
mengnyaa,mengeong
niki,ini
lesgoo,ayo
mviews,jumlah tayangan
lebi,lebih
viralvideo,video viral
sae,saja
hmmh,hmm
je,juga
cauw,cowok
omonomon,omong kosong
mentokÃ‚Â²,mentok
soalny,soalnya
dululebih,dulu lebih
blyaw,belum tahu
ain,ada
desik,desak
youreeee,anda
pkwt,perjanjian kerja waktu tertentu
tidak_baku,kata_baku
mapel,mata pelajaran
upnext,berikutnya
screenshot,tangkapan layar
apartment,apartemen
ep,episode
kampong,kampung
sambel,sambal
camping,berkemah
dijepang,di jepang
apparently,ternyata
date,kencan
pessimism,pesimisme
paperid,paper id
bolakbalik,bolak-balik
partial,sebagian
baratny,baratnya
origin,asal
telfonan,teleponan
culture,budaya
surviving,bertahan hidup
ngerampok,merampok
calling,memanggil
seleb,selebriti
ngantor,ke kantor
akherat,akhirat
registered,terdaftar
privat,pribadi
dream,mimpi
pol,polisi
month,bulan
rules,aturan
over,selesai
big,besar
mbah,kakek
diterka,ditebak
ngidol,ngidola
ceritalks,cerita talks
nyetrika,menyetrika
government,pemerintah
blum,belum
bio,biografi
tolol,bodoh
disband,bubar
jdnya,jadinya
enggres,inggris
ijo,hijau
path,jalur
oneday,satu hari
focus,fokus
much,banyak
diratain,diratakan
kaburrr,kabur
early,awal
aduin,adukan
energy,energi
cause,penyebab
tempetahu,tahu tempat
ptn,perguruan tinggi negeri
kambodia,kamboja
aktifin,aktifkan
teacher,guru
bcz,karena
maksutnya,maksudnya
mastur,masturbasi
kitaÃ‚Â²,kita-kita
credential,kredensial
iyaya,iya ya
cape,capek
makasihh,terima kasih
login,masuk
menhan,menteri pertahanan
temenmu,temanmu
qriss,qris
taukah,tahukah
hahahahaha,hahahaha
ituloh,itu loh
tolakuutni,tolak uutni
live,langsung
krazy,gila
convo,percakapan
stable,stabil
manifest,manifestasi
bila,jika
basic,dasar
infokan,informasikan
koreya,korea
ikutikutan,ikut-ikutan
suffering,penderitaan
boy,anak laki-laki
legalin,legalkan
dluan,duluan
hehehee,hehehe
gaselpiji,gas elpiji
jobseek,pencari kerja
sodorin,sodorkan
kripik,keripik
menggebuÃ‚Â²,menggebu-gebu
thing,hal
be,menjadi
judge,menilai
wasnt,bukan
citacita,cita-cita
kalipun,kalau pun
dilapangan,di lapangan
samasekali,sama sekali
gabisa,tidak bisa
transport,transportasi
menaker,menteri tenaga kerja
labour,buruh
motivation,motivasi
manapun,dimana pun
heritages,warisan
jandaseksi,janda seksi
etik,etika
featurenya,fiturnya
tren,trend
peranin,perankan
reference,referensi
sebenar,sebenarnya
insyaa,insya allah
sense,rasa
dahlah,sudahlah
workers,pekerja
sex,seks
policy,kebijakan
dipencet,ditekan
rame,ramai
better,lebih baik
likely,mungkin
containers,wadah
allahhhhhh,allah
itungÃ‚Â²,hitung-hitung
gakepake,tidak kepakai
leluhul,leluhur
dog,anjing
red,merah
screening,penyaringan
passed,lulus
bye,selamat tinggal
diselipin,diselipkan
last,terakhir
debt,utang
structure,struktur
map,peta
upskill,tingkatkan keterampilan
cleaned,dibersihkan
old,tua
destinasi,tujuan
pakde,paman
nasehati,nasihati
bigger,lebih besar
mantab,mantap
watch,tonton
gws,semoga lekas sembuh
tikusÃ‚Â²,tikus-tikus
coz,karena
networking,jaringan
golput,golongan putih
skalian,sekalian
copas,salin tempel
haechan_thereasonilikeyou,haechan alasan aku menyukaimu
ngeracunin,meracuni
join,gabung
dead,meninggal
genocide,genosida
often,sering
city,kota
happily,dengan bahagia
siapin,siapkan
sounds,terdengar
etc,dll
katanyadia,katanya dia
dubes,duta besar
bolehhh,boleh
ekonomituh,ekonomi itu
inclined,cenderung
sampaiÃ‚Â²,sampai-sampai
kebaca,terbaca
freeeeee,gratis
seeking,mencari
dosbing,pembimbing skripsi
ahahahaha,hahahaha
nyebrang,menyeberang
jokes,candaan
yauda,ya sudah
pinjem,pinjam
against,melawan
oligarchy,oligarki
isuggest,saya sarankan
jangaaan,jangan
dijalanin,dijalankan
matters,masalah
nolak,tolak
bagii,bagi
till,sampai
idk,saya tidak tahu
mastiin,pastikan
jidatnya,dahinya
circle,lingkaran
kujelasin,saya jelaskan
sdm,sumber daya manusia
renew,perbarui
mendingan,lebih baik
buanyak,banyak
checking,memeriksa
fan,penggemar
permission,izin
broke,bangkrut
does,melakukan
salingjaga,saling menjaga
musician,musisi
pages,halaman
capitalnya,modalnya
sumpremasi,supremasi
dikirain,dikira
kriminil,kriminal
many,banyak
throw,lempar
nawaitu,niat
politikny,politiknya
ngepublish,mempublikasikan
biasalah,biasa saja
philippine,filipina
hoaxÃ‚Â²,hoax-hoax
triakÃ‚Â²,teriak-teriak
imingiming,iming-iming
ayamayam,ayam-ayam
cusss,ayo
disituasi,dalam situasi
medsosmu,media sosialmu
nurse,perawat
indian,india
prison,penjara
hahhahaha,hahahaha
service,layanan
telling,mengatakan
dipulangin,dipulangkan
dkt,dekat
nabrakin,menabrak
trial,percobaan
french,prancis
yessssss,ya
lamalama,lama-lama
him,dia
students,mahasiswa
emblem,lambang
koreyah,korea
teteh,kakak perempuan
kagumin,kagumi
waiting,menunggu
watching,menonton
ngundang,mengundang
standard,standar
client,klien
rp,rupiah
nowadays,sekarang
mine,milik saya
get,dapatkan
imho,menurut pendapat saya
sadistic,sadis
sudahilah,sudahlah
kupi,kopi
flight,penerbangan
try,coba
motong,potong
abandon,abaikan
wakilin,wakili
mhs,mahasiswa
including,termasuk
telpon,telepon
orangÃ‚Â²,orang-orang
lebihin,lebihan
begimane,bagaimana
universe,alam semesta
bengekk,bengek
tradeplan,rencana perdagangan
jujurr,jujur
jowo,jawa
tidak_baku,kata_baku
chillnight,malam santai
mlence,melenceng
ijin,izin
ngindarin,menghindari
diroasting,diejek
nugu,baru
fucking,sialan
congrats,selamat
costly,mahal
enakenak,enak-enak
sarisari,serba-serbi
temenÃ‚Â²nya,teman-temannya
butuhnya,kebutuhan
ppek,pempek
sesni,seni
apaapa,apa-apa
pantesaan,pantas saja
fancam,fans kamera
everyday,setiap hari
hebatÃ‚Â²,hebat-hebat
nitizen,netizen
nyamu,nyaman
lakinye,laki-lakinya
matakabur,mata kabur
mrene,merenung
disupport,disokong
pfpmu,foto profilmu
siiiiii,siiip
keye,kiyowo
mininal,minimal
byee,selamat tinggal
plisss,tolong
jawatengah,Jawa Tengah
ngeresepin,meresapi
lov,love
digodain,digoda
nalangin,menolong
ngentott,sialan
hareupan,depan
jujurly,jujur
rupiahkuat,rupiah kuat
relocate,pindah
surrrr,seru
yoii,ya
ajaÃ¨Â¿Â˜Ã¨ÂƒÂ½,masih bisa
sarkas,sarkastik
jlptku,
uhuyyyy,hore
daeipada,daripada
bisabisa,bisa-bisa
oleholeh,oleh-oleh
bsoknya,besoknya
smgt,semangat
tamel,tahan lama
kampang,kampung
oomf,orang
siapapaun,siapapun
wkwj,tertawa
kelarin,selesaikan
plsssss,tolong
dund,duh
migrating,bermigrasi
skuy,ayo
ditandain,ditandai
ujungÃ‚Â²nya,ujung-ujungnya
lurrr,lah
gakkuat,tak kuat
takutin,menakuti
fcking,sialan
dululah,dulu
aivideo,video AI
akhrnya,akhirnya
gadein,gadai
yanh,ya
begundal,penjahat
pajeke,pajak
gabener,tak bener
suraaammm,seram
kuliahkuu,kuliahku
nyolongin,mencuri
sbntr_,sebentar
ngide,beride
ceki,cek
paaakkk,pak
katakata,kata-kata
asiampo,Asia Pasifik
minjem,meminjam
qrt,retweet
aupair,au pair
hukumkorup,hukum korup
greenjob,pekerjaan hijau
natlan,natalan
prtama,pertama
lahadalia,lahad datu
wawwww,wow
hastagh,hashtag
melanc,melancong
dicaricari,dicari-cari
jthektar,jutaan hektar
litindo,literatur Indonesia
ngalongok,mengintip
kemanan,keamanan
emyu,emoji
ujianujian,ujian-ujian
inkompeten,tak kompeten
minyakita,minyak kita
arep,akan
kocheng,kucing
chatjual,chat jual
diancem,diancam
jampidsus,jaksa pidana khusus
berantah,berantakan
eu_timorleste,Timor Leste
koriya,Korea
hestag,hashtag
daeipada,daripada
bisabisa,bisa-bisa
oleholeh,oleh-oleh
bsoknya,besoknya
smgt,semangat
tamel,tahan lama
kampang,kampung
oomf,orang
siapapaun,siapapun
wkwj,tertawa
kelarin,selesaikan
plsssss,tolong
dund,duh
migrating,bermigrasi
skuy,ayo
ditandain,ditandai
ujungÃ‚Â²nya,ujung-ujungnya
lurrr,teman
gakkuat,tak kuat
takutin,menakuti
fcking,sialan
dululah,dulu
aivideo,video AI
akhrnya,akhirnya
gadein,menggadaikan
yanh,ya
begundal,penjahat
pajeke,pajak
gabener,tak bener
suraaammm,seram
kuliahkuu,kuliahku
nyolongin,mencuri
sbntr_,sebentar
ngide,beride
ceki,cek
paaakkk,pak
katakata,kata-kata
asiampo,Asia Pasifik
minjem,meminjam
qrt,retweet
aupair,au pair
hukumkorup,hukum korup
greenjob,pekerjaan hijau
natlan,natalan
prtama,pertama
lahadalia,lahad datu
wawwww,wow
hastagh,hashtag
melanc,melancong
dicaricari,dicari-cari
jthektar,jutaan hektar
litindo,literatur Indonesia
ngalongok,mengintip
kemanan,keamanan
emyu,emoji
ujianujian,ujian-ujian
inkompeten,tak kompeten
minyakita,minyak kita
arep,akan
kocheng,kucing
chatjual,chat jual
diancem,diancam
jampidsus,jaksa pidana khusus
berantah,berantakan
eu_timorleste,Timor Leste
koriya,Korea
hestag,hashtag
keminggris,berbahasa Inggris
irstudents,mahasiswa insinyur
pfft,ah
kaakkk,kakak
ngeribetin,menyusahkan
kepsyen,keputusan
neneknenek,nenek-nenek
hobby,hobi
nyoomf,nyaman
skripsyit,skripsi
sigana,sepertinya
yokkkkk,yuk
gowreng,goreng
resech,riset
nunjukin,menunjukkan
koperrr,koper
gameboi,gamer
ngelonin,melonin
amriki,Amerika
emmmmm,emmm
menarique,menari
kerasa,terasa
jingan,jiwa muda
sopo,siapa
gabakalan,gagal
ketgihan,ketagihan
gakbelum,belum
ndud,ndut
lizzi,licik
terussss,terus
sologrup,solo grup
skillset,keahlian
shortterm,jangka pendek
energihi,energi tinggi
jtbln,juta per bulan
basicly,pada dasarnya
infooooooo,informasi
yesssss,ya
polpolan,polos
deehh,duh
suppy,supply
samsek,sama sekali
domter,dompet
eaa,ya
ngetren,trendi
ngandelin,mengandalkan
beasiwa,beasiswa
bby,baby
kaaann,khan
naspad,menyadap
kumitate,kualitas
ngelulusin,meluluskan
ngetweet,tweet
kerumah,ke rumah
powerfull,kuat
ybs,yang bersangkutan
targetin,menargetkan
bangtan,bangsa dan tanah air
heesun,hebat
kejebak,terjebak
notai,notaris
paska,pasca
ngebacot,berbicara banyak
yuuuuuk,yuk
gf,girlfriend
neng,adik
settle,selesai
nembaki,menembaki
mhsw,mahasiswa
dighosting,dihindari
bgetz,banget 
ww,perang dunia 
wwiii,perang dunia III
macroecon,makroekonomi
fugui,feng shui
tkt,tiket
kamihate,kami benci
meownya,kucingnya
samasama,sama-sama
digorok,dipotong
rizig,rizik
darkmode,mode gelap
slotgacor,slot gacor
gawl,gaul
awoakwoako,wkwkwk
kamuuu,kamu
wonu,wonogiri
semuanyaaa,semuanya
maanaa,mana
ngerantau,merantau
pupumama,puma
carit,cerit
kotbah,khotbah
mening,meninggal
kochenk,kucing
isrewel,israel
longgg,panjang
ghzz,ghz
waheehwoh,wah
mingi,minggu
bungabunga,bunga-bunga
skwkwk,wkwkwk
secooked,dimasak
nyicil,mencicil
akuki,akui
ngegolin,menggulingkan
gapulang,tidak pulang
yorobuuuun,yoroshiku
diturutin,diikuti
didemoin,didemonstrasi
gejalas,tidak jelas
jawabkah,jawab
ngitungin,menghitung
ngasuh,mengasuh
youuu,kamu
gawean,pekerjaan
danggeun,dangdut
softboy,pria lembut
transumnya,transmigrasinya
damnnnn,sial
negerikmn,negara mana
satset,cepat
privilej,privilege
gobloknya,bodohnya
ajayaaa,ajaya
bocahbocah,bocah-bocah
dikanada,di Kanada
bawaaannya,bawaannya
stranger,orang asing
musuhfufa,musuh
bublle,gelembung
kaltim,kalimantan timur
jinu,jinak
kapankapan,kadang-kadang
orgorg,orang-orang
klink,klik
keterima,diterima
input,masukan
lumayan,cukup baik
disolo,di solo
agent,agen
bikun,biskuit
merebak,menyebar
lights,lampu
negrinya,negaranya
budiman,budi baik
ditebelin,dipertebal
kekey,kekeh
darii,dari
ngabdi,mengabdi
ayy,ay 
negerii,negara
dbwa,dbwa 
english,inggris
sipaling,paling
lamine,lamine 
tumben,jarang
however,namun
tengs,terima kasih
untun,untuk
fund,dana
kwkwkwk,
pov,sudut pandang
alongside,bersama
int,internasional
unveiled,diumumkan
manner,cara
hypocrite,munafik
wang,uang
eka,satu
tuai,tuai 
uhmmm,um 
emass,emas
yey,yey 
gedhe,besar
neuer,neuer 
mad,marah
link,tautan
gurusd,guru
both,keduanya
device,perangkat
videos,video
ngedip,berkedip
prancis,perancis
dinner,makan malam
waaaah,wah
nirempati,nirempati 
gamon,gamon 
nendang,menendang
frugal,hemat
altindere,altindere 
mengantri,antri
tak,tidak
meleng,meleng 
gak,tidak
diazab,diadzab
kau,kamu
hayo,ayo
retno,retno 
filmÃ‚Â²,film-film
jungle,hutan
waahhh,wah
kyumae,kyumae 
atraktif,menarik
gengz,geng
hapal,hafal
translate,terjemahan
resource,sumber daya
farming,pertanian
terangan,terangan 
ftv,ftv 
mmek,mmek 
goblok,bodoh
money,uang
luck,keberuntungan
ajakajak,ajak-ajak
suruh,perintah
meong,kucing
anjayy,anjay
yato,yato 
nur,cahaya
riwu,ribu
duwit,uang
kcgku,kucingku
yushi,yushi 
ilegalkali,ilegal
kisruh,kacau
mampus,meninggal
back,kembali
looking,melihat
wanna,ingin
own,memiliki
eeehhh,eh
nyenyenye,nyenyenye 
toward,menuju
dikenalin,dikenalkan
omw,astaga
lhah,lah
fomo,takut ketinggalan
bulbul,bulbul 
semenjak,sejak
insights,wawasan
something,sesuatu
bundaku,ibuku
kepalang,terlanjur
boosting,meningkatkan
smngtharry,smngtharry 
nyerah,menyerah
hehee,hehe
lambai,melambai
moncer,menonjol
ndas,kepala
is,adalah
jastip,jasa titip
mengirii,mengiri
entrenched,tertanam
dipindahin,dipindahkan
habisan,habis
algoritme,algoritma
situation,situasi
manfaatny,manfaatnya
mikir,berpikir
efesiensi,efisiensi
idol,idola
kabahar,kabahar  
masaa,masa
charming,menawan
duo,dua
ditolongin,ditolong
daruratphk,phk darurat
science,sains
duite,uang
pagipagi,pagi-pagi
abang,kakak
rich,kaya
sebelom,sebelum
tampc,tampc 
bapakku,ayahku
gaakkkkk,tidak
german,jerman
values,nilai
cak,kakak 
kae,itu 
economy,ekonomi
sedunia,seluruh dunia
cooook,cok 
engeh,sadar 
force,kekuatan
willing,bersedia
kwn,teman
tia,tia 
laki,pria
chain,rantai
ngejar,mengejar
cukuplah,cukup
ignya,ignya 
question,pertanyaan
ngasal,asal-asalan
itukan,itu kan
shared,berbagi
gapingin,ingin gapai
kalaj,kalaj 
ngapa,mengapa
lingset,listrik
munku,munku 
lakilaki,laki-laki
iso,bisa 
practice,praktik
susul,menyusul
serame,serame 
emission,emisi
craft,kerajinan
menginvasi,menyerang
breaking,memecahkan
gokss,gokss 
oalaaah,oalah
shitnya,kotorannya
ilegalskrg,ilegal sekarang
gaonok,tidak ada 
gampang,mudah
ngesawa,ke sawah 
ditelfon,ditelepon
strict,ketat
soo,sangat
eropainsya,eropa insya
mih,mih 
quality,kualitas
baleg,baleg 
tagih,menagih
perthcret_day,perthcret_day 
drain,menguras
sokÃ‚Â²an,sok-sok an
jobvacancy,lowongan kerja
resources,sumber daya
infor,infor 
bunpo,bunpo 
booked,dipesan
timnas,tim nasional
loker,lowongan kerja
aileey,aileey 
guyss,teman-teman
gura,gura 
fotokopian,fotokopi
fagh,fagh 
ngrampungi,menyelesaikan
eneh,aneh
betulan,benar
thep,thep 
mulangin,mengembalikan
sence,sense
misale,misalnya
welcoming,menyambut
atleast,setidaknya
ramairamai,ramai-ramai
america,amerika
semgt,semangat
sega,sega 
dibodohin,dibodohi
clip,klip
activism,aktivisme
droves,droves 
dulu,kata_gaul
prayer,doa
form,formulir
kegoda,tergoda
teel,teel 
mark,tanda
halfway,setengah jalan
shibal,shibal 
mr,tuan
ingyeahhhh,ingyeahhhh 
nang,menangis
yuukkk,yuk
tb,tb 
ot,ot 
national,nasional
tweets,cuitan
sekebon,sekebon 
getol,getol 
indokonoha,indokonoha 
hydropack,hydropack 
megono,megono 
nies,nies 
cute,imut
haai,hai
unsw,unsw 
asa,harapan
hopeless,tidak ada harapan
mly,melayu
smpet,sempat
ghengsz,gengsz
khh,khh 
taking,mengambil
end,akhir
asik,asyik
oalahhhhhh,oalah
nipu,menipu
box,kotak
line,garis
satria,ksatria
napi,narapidana
nderr,nderr 
crosscheck,mengecek ulang
kanzen,kanzen 
cargo,kargo
cuyh,cuyh 
monsieur,tuan
viralin,viralin 
uruski,uruski 
ahhhhh,ah
condo,condo 
peak,puncak
trusted,terpercaya
kuliahan,kuliah
getaway,melarikan diri
anbulan,anbulan 
hope,harapan
yahhhhh,yah
mnurut,menurut
birthday,ulang tahun
soonhao,soonhao 
maren,maren 
san,san 
jav,jav 
nasip,nasib
luarnegri,luar negeri
nyutan,nyutan 
dms,dms 
lokerremot,loker remote
reelsviral,reels viral
mujin,mujin 
beresin,membereskan
mncari,mencari
wiwiw,wiwiw 
oikophobic,oikophobic 
sharmishta,sharmishta 
gimmick,gimmick 
nsfw,nsfw 
susuh,susuh 
indv,indv 
kaliankan,kalian kan
persatu,per satu
iduplo,iduplo 
petantang,petantang 
oil,minyak
town,kota
tgmagang,tgmagang 
by,oleh
ginimana,bagaimana
pegat,putus
computer,komputer
brooo,bro
dihalangin,dihalangi
orange,jingga
harapin,harapkan
lpkjepang,lpkjepang 
sir,tuan
asterum,asterum 
cheese,keju
lala,lala 
ditegasin,ditegaskan
sg,sg 
clear,jelas
kotaajalan,kota a jalan
united,bersatu
castorice,castorice 
kedu,kedu 
gassiinn,gasin
leeway,leeway 
dijorokin,dijorokkan
ur,ur 
chat,obrolan
lnsg,langsung
hadehh,hadeh
butuhin,butuhkan
airport,bandara
talents,bakat
tonggoku,tonggoku 
bukber,buka bersama
strongly,sangat
mbetahi,mbetahi 
nyewa,menyewa
humanity,kemanusiaan
yokkkk,yuk
tentangan,tantangan
jigae,jigae 
yet,belum
ndadak,tiba-tiba
sananya,sananya 
mberot,mberot 
au,au 
tki,tenaga kerja indonesia
countries,negara-negara
termul,termul 
jancox,jancox 
segeraa,segera
smeowwnyah,smeowwnyah 
dicemilin,dicemil
traficking,perdagangan
esa,satu
rizpek,rizpek 
yatapi,namun
kian,semakin
mamaku,ibuku
dohoon,dohoon 
anjenk,anjenk 
turkiye,turki
society,masyarakat
jikaha,jika
gaming,bermain game
speti,speti 
analytical,analitis
mntal,mental
req,permintaan
lancarrr,lancar
soooo,sangat
ampkabur,ampkabur 
mesisan,mesisan 
gul,gul 
standart,standar
of,dari
peeps,peeps 
kepampang,kepampang 
aqid,aqid 
will,akan
wooww,wow
jtmggu,jtmggu 
ultinya,ultinya 
hashtags,tagar
passing,melewati
rodi,rodi 
samarÃ‚Â²,samar-samar
special,khusus
dmemail,email dm
weiihhh,weiihhh 
dibawain,dibawakan
flexing,flexing 
short,pendek
tmsk,termasuk
hasthtag,tagar
dann,dan
menggambil,mengambil
anjg,anjing
ure,ure 
kebeneran,kebetulan
inbound,datang
gaopo,gaopo 
style,gaya
gasengaja,gasengaja 
ngepel,mengepel
lighting,pencahayaan
grumble,bergumam
battery,baterai
transp,transp 
pea,pea 
prefer,lebih suka
hao,hao 
nextnya,selanjutnya
think,berpikir
interview,wawancara
rosan,rosan 
imagine,bayangkan
ikoot,ikoot 
berkuasaa,berkuasa
winter,musim dingin
concern,kepedulian
wisudaan,wisuda
june,juni
ocbcdbsuob,ocbcdbsuob 
gasi,gasi 
deact,deact 
kroyok,keroyok
passport,paspor
bakery,toko roti
manuvel,manuvel 
mantul,menarik
akang,kakak
hengkang,hengkang 
utek,otak
owe,owe 
excited,bersemangat
sedari,sejak
doang,hanya
lets,ayo
gaskeun,gaskeun 
md,md 
zsemba,zsemba 
sdr,saudara
ikit,ikut
makane,makanya
almaz,almaz 
aesthetic,estetika
gadapet,gadapet 
sepengen,sepengen 
rios,rios 
siapsiap,siapsiap 
ditawarin,ditawari
damage,kerusakan
membikin,membuat
des,des 
ehÃ„Â¥hehÃ„Â¥ohhh,ehÃ„Â¥hehÃ„Â¥ohhh 
maling,pencuri
traveling,bepergian
infoloker,infoloker 
sindria,sindria 
basically,pada dasarnya
goodbye,selamat tinggal
olweys,olweys 
taggar,tagar
fsg,fsg 
bach,bach 
kakiga,kakiga 
sena,sena 
brfikir,berpikir
kemarim,kemarim 
we,kita
sedahang,sedang
apaaaa,apa
leather,kulit
geloooooo,geloooooo 
wenebule,wenebule 
nanggapi,menanggapi
rampd,rampd 
yeaaii,yeaaii 
working,bekerja
god,tuhan
kran,keran
call,panggilan
mayii,mayit 
hsvsjank,hsvsjank 
lopersss,lopersss 
venture,usaha
jasso,jasso 
notai_,notakan 
dikeluhin,dikeluhkan
nakes,tenaga kesehatan
aayyooooo,ayo 
awokk,awok
halahhh,halah
announce,umumkan
fakefriend,teman palsu
indeed,memang
as,sebagai
tenggelem,tenggelam
ben,biarkan
disakitin,disakiti
bagaiman,bagaimana
orgil,orgil 
ttup,ttup 
enggress,enggress 
pinjol,pinjaman online
adeknya,adiknya 
kerjagak,kerjagak 
umuranku,umuranku 
sbnernya,sebenarnya
waaaaa,waaaaa 
rill,real
nis,nis 
anyar,baru
saten,sate
tereak,teriak
abisin,habiskan
naikin,naikkan
miluan,miluan 
include,termasuk
airlines,maskapai penerbangan
seat,tempat duduk
kitamah,kitamah 
fellow,rekan
kumenangis,kumenangis 
paved,paved 
facility,fasilitas
pap,pap 
screentime,waktu layar
more,lebih
bbrapa,beberapa
gelaps,gelap
taxhaven,taxhaven 
esde,esde 
cale,cale 
broooooo,bro
itp,itp 
mirismakin,mirismakin 
li,li 
banyaknjg,banyak
cmiwi,cmiwi 
apkh,apkh 
jtunit,jtunit 
mondaishuu,mondaishuu 
turret,turret 
bae,bae 
required,dibutuhkan
hold,menahan
xauusd,xauusd 
polar,polar 
ketempat,ke tempat
mesraan,mesra
yailah,yailah 
menyicil,mencicil
baffled,bingung
shua,shua 
industry,industri
diimingin,diiming-imingi
bangcock,bangkok
managerial,manajerial
has,memiliki
labubu,labubu 
dikonoha,dikonoha 
musti,harus
ampamp,ampamp 
missile,rudal
temanÃ‚Â²,teman-teman
toi,toi 
flop,gagal
statment,pernyataan
ruto,ruto 
sesusah,sesusah 
cerein,cerein 
duludulu,dulu-dulu
debutin,debutin 
kpla,kpla 
skripsian,skripsi
keywords,kata kunci
lp,lp 
sugan,sugan 
sienna,sienna 
cashout,cashout 
kaido,kaido 
hater,pembenci
earthsea,earthsea 
etttt,etttt 
benerbener,benar-benar
mtor,mtor 
semalem,semalam
diujung,di ujung
sending,mengirim
gaksie,gaksie 
ngeles,ngeles 
lindungin,lindungi
sunny,cerah
time,waktu
kapangaruh,kapangaruh 
good,bagus
university,universitas
choe,choe 
kamana,kemana
lai,lai 
goto,goto 
yatta,yatta 
temenku,temanku
nyampek,sampai
umbarumbar,umbar-umbar
depin,depin 
mlihat,melihat
extra,ekstra
mijet,mijet 
hehehehe,hehehe
nugaaas,nugaaas 
palimatni,palimatni 
govt,pemerintah
enlighten,mencerahkan
kesebut,kesebut 
maly,maly 
kyeomsy,kyeomsy 
nanyang,nanyang 
dakjal,dakjal 
menganggu,mengganggu
abrod,abrod 
market,pasar
mahasiswai,mahasiswi
aaammiiinn,amin
pull,menarik
sangatÃ‚Â²,sangat
myday,myday 
orgnya,orangnya
disekolah,di sekolah
balikin,kembalikan
dibales,dibalas
anjingg,anjing
akunakun,akun-akun
dorang,dorang 
buntuti,mengikuti
kelan,kelan 
promed,promed 
bunyuk,bunyuk 
minn,minn 
disaltyin,disaltyin 
ummat,umat
sedar,sadar
chitoge,chitoge 
siiiih,siiiih 
mahae,mahae 
pioneernya,pioneernya 
dipalakin,dipalak
trader,pedagang
gepreked,gepreked 
aussie,australia
year,tahun
matenggg,matenggg 
zaeland,zaeland 
sitter,sitter 
tobrud,tobrud 
just,hanya
linghe,linghe 
mindset,pola pikir
demn,demn 
bajubaju,baju-baju
utbekah,utbekah 
deng,deng 
kesono,kesono 
ani,ani 
intinyadeh,intinya
shuyin,shuyin 
tuker,tukar
bertnya,bertanya
cationers,kationer
anywhere,dimana saja
kempen,kampanye
mung,mung 
sumuk,sumuk 
fcked,fcked 
adopt,adopsi
yorobun,yorobun 
komera,komera 
thumbler,thumbler 
oalaah,oalah
worthit,worthit 
mecah,pecah
called,dipanggil
wagon,gerobak
supportnya,dukungannya
gakkalau,gakkalau 
channel,saluran
alesan,alasan
nami,nami 
calculator,kalkulator
kongkon,kongkon 
mit,mit 
afford,afford 
dpet,dapat
ultah,ulang tahun
shuuji,shuuji 
dikota,di kota
upload,unggah
globally,secara global
tibatiba,tiba-tiba
wanjrit,wanjrit 
bginian,beginian
shapp,shapp 
oranglain,orang lain
ngakalin,mengakali
slsai,selesai
bcamp,bcamp 
bayangÃ‚Â²,bayang-bayang
klein,klein 
tebakk,tebak
michellin,michellin 
belio,beliau
kabuuuurrr,kabur
ngegiring,menggiring
ngeiyain,mengiyakan
the,itu
somewhere,di suatu tempat
diatas,di atas
action,aksi
gassss,gas
passpor,paspor
pants,celana
somuch,sangat banyak
interact,berinteraksi
davies,davies 
refresing,menyegarkan
swikee,swikee 
gono,gono 
claude,claude 
keulang,keulang 
dollar,dolar
mutual,saling
latest,terbaru
dsbnyasaat,dsbnyasaat 
gakure,gakure 
tall,tinggi
jelaskabur,jelaskabur 
kawankawan,kawan-kawan
komporin,komporin 
now,sekarang
gelappp,gelap
ibam,ibam 
macemmacem,macam-macam
celebrated,merayakan
funds,dana
abrsi,abrsi 
sekaramg,sekarang
dicicl,dicicl 
mikirr,berpikir
hahahahah,hahahaha
seramai,seramai 
patronse,patronse 
peacefully,dengan damai
duluuuu,dulu
okkkk,ok
brmimpi,bermimpi
kemane,kemana
hihiy,hihiy 
balesintan,balesintan 
huqni,huqni 
central,pusat
lahhhhhhh,lah
nganggukÃ‚Â²,mengangguk-angguk
fahami,pahami
jagan,jangan
anjink,anjing
mengomong,berbicara
hana,hana 
crocheter,crocheter 
adilla,adilla 
realistic,realistis
neneran,neneran 
minda,pikiran
technology,teknologi
bosssokk,bosssokk 
foryoupage,foryoupage 
slotpg,slotpg 
brebb,brebb 
lesgooo,ayo 
gaes,gaes 
travelling,bepergian
bandori,bandori 
sicantik,sicantik 
sori,maaf
temanteman,teman-teman
remember,ingat
selugu,selugu 
dowo,panjang 
terjunin,terjunin 
prices,harga
grista,grista 
banyk,banyak
buto,buto 
sendddddd,kirim
pencaker,pencari kerja
direstuin,direstui
diruma,di rumah
coups,coups 
guard,penjaga
dosendosen,dosen-dosen
brkt,brkt 
hipokrit,munafik
iiya,iya
diingatin,diingatkan
makananan,makanan
ndlogog,ndlogog 
bajet,anggaran
envy,iri
grocery,bahan makanan
aslii,asli
plannya,rencana
nduuuu,nduuuu 
top,teratas
urge,desakan
married,menikah
hestegnya,hashtag 
avenger,penuntut balas
paths,jalur
dalane,jalan
scholar,ilmuwan
damnnn,damn
being,menjadi
atrbpn,atrbpn 
tapj,tapi
maaakkk,maaakkk 
devour,melahap
duakali,dua kali
glowup,glowup 
emot,emoticon
brow,brow 
goblokin,membodohi
spya,supaya
biyuemen,biyuemen 
leuwih,lebih
kuhap,kuhap 
lagilagi,lagi-lagi
nasiudah,nasi udah
inpo,info
toxic,racun
msalhnya,masalahnya 
greatness,kehebatan
views,tayangan
basketball,basket
seller,penjual
tranparan,transparan
nyiapin,menyiapkan
tungtung,tungtung 
ecosystem,ekosistem
genuine,asli
ditengah,di tengah
bodobisa,bodoh bisa
beratttt,berat
comeback,kembali
maauuuu,maauuuu 
bebasin,bebaskan
ngecengin,ngecengin 
easy,mudah
mercenary,tentara bayaran
dsangka,disangka
ngambilin,mengambil
ngendep,berhenti 
mending,lebih baik
aamiinkan,amin
amattt,sangat
would,akan
mission,misi
traction,daya tarik
coaching,pelatihan
smpean,kamu
nyenggol,menyenggol
tuku,beli
diaorang,dia orang
gblk,goblok 
test,tes
tiongkok,cina
indoooo,indonesia
hating,membenci
learn,belajar
ngembangin,mengembangkan
seviral,seviral 
chancenya,kesempatannya
insyaallah,insya allah
person,orang
janjian,janji
specialist,spesialis
lessgo,ayo 
ehkemana,eh kemana
sediain,sediakan
kipk,kipk 
aamiinnnn,amin
isagi,isagi 
oengalaman,pengalaman
succes,sukses
wkwkwwkwkw,wkwk
moment,momen
play,main
council,dewan
second,kedua
hdeuh,hdeuh 
ngehindar,menghindar
refresh,segarkan
music,musik
mamamu,ibumu
maria_,maria
ngulik,mengulik
sumpa,sumpah
swingplan,swingplan 
konseran,konser
sexual,seksual
tlonggg,tolong
solobisa,hanya bisa
education,pendidikan
account,akun
ngabrut,ngabrut 
disinihh,disini
inisator,inisiator
finland,finlandia
mermed,mermed 
pwoll,pwoll 
copyan,copyan 
fact,fakta
rusiarrc,rusiarrc 
ngehasilin,menghasilkan
dimanamana,di mana-mana
homesick,rindu rumah
lqgi,lagi
yaolo,yaolo 
jalin,menjalin
hard,keras
patenteng,patenteng 
cikgu,guru
pejabut,pejabat
motoran,bermotor
wilders,wilders 
ditangisin,ditangisi
ngucap,mengucap
scroll,gulir
casino,kasino
aseng,aseng 
mbahas,membahas
tgupp,tgupp 
mbae,mbae 
kerap,sering
timpuk,lempar
ledakin,meledakkan
repeat,ulang
rene,rene 
scamkabur,scam kabur
nelpon,telepon
loveisland,cinta pulau
truck,truk
asistenkan,asistenkan 
gajijan,gajian
anah,anah 
wamtu,wamtu 
followers,pengikut
take,ambil
smsm,smsm 
stack,tumpukan
namnaya,namanya
syndrome,sindrom
haduhhh,haduh
industrial,industri
luarnegeri,luar negeri
ketum,ketua umum
kabeh,semua
bondong,berbondong
katoff,katoff 
hikss,hiks
webajadulu,webajadulu 
heuheuheu,hehehe
sejujurny,sejujurnya
mbg,mbg 
baelah,baelah 
membernya,anggotanya
tandain,tandai
lolfanfest,lolfanfest 
trust,percaya
memillih,memilih
zero,nol
nggilani,menggelikan
meni,meni 
scandal,skandal
outgoing,keluar
ngenye,ngenye 
ngotak,berpikir
pionir,perintis
oppa,oppa 
titel,gelar
didnt,tidak
hesteg,hesteg 
ahhh,ah
tribios,tribios 
mbakk,kakak
tanyaÃ‚Â²,tanya-tanya
headline,judul
snbt,snbt 
nebuuu,nebuuu 
barokah,berkah
speed,kecepatan
kakang,kakak
judl,judul
bapakbapak,bapak-bapak
kongtoll,kongtoll 
positivity,positivitas
ngindari,menghindari
sanasini,sana-sini
square,persegi
baperan,baperan 
citizen,warga
nora,nora 
desperate,putus asa
eriktenhag,erik ten hag
cocot,cocot 
hikd,hikd 
greeting,salam
ngambilnya,mengambilnya
reminder,pengingat
giveawaay,hadiah
ngoahahaha,ngoahahaha 
mandang,mandang 
wkwkwwk,wkwk
asked,ditanya
spop,spop 
dooowww,dooowww 
udahan,udahan 
convert,konversi
gelutin,gelutin 
toei,toei 
lmfaoooo,lmfaoooo 
math,matematika
diiket,diikat
milea,milea 
damnn,damn
wkkwk,wkwk
dienskuy,dienskuy 
disave,disimpan
process,proses
barak,barak 
pekara,perkara
blangsak,blangsak 
kartumerah,kartu merah
vanessazee,vanessazee 
bawai,bawai 
confuse,bingung
sorex,sorex 
jumawa,sombong
pramyere,pramyere 
beauty,kecantikan
keatas,ke atas
komplain,keluhan
collar,kerah
view,tampilan
besides,selain
bapakibu,bapak-ibu
saefulloh,saefulloh 
deketdan,deketdan 
williamest,williamest 
suruhsuruh,perintah-perintah
lilypaly,lilypaly 
intropeksi,introspeksi
srilangka,sri lanka
sasi,sasi 
napasihh,napasihh 
biyen,biyen 
becusan,becusan 
asksakask,asksakask 
akpol,akademi kepolisian
say,katakan
sweet,manis
background,latar belakang
vibes,vibes 
selipin,selipkan
eluh,eluh 
baskwt,baskwt 
strong,kuat
ramein,ramein 
telor,telur
surya,matahari
partially,sebagian
teranyar,terbaru
chiang,chiang 
mbak,kakak
papah,ayah
monggo,silahkan
nerapin,menerapkan
priviledge,priviledge 
shinyu,shinyu 
there,di sana
ngetag,menandai
please,tolong
sritex,sritex 
telfon,telepon
animate,animate 
invasions,invasions 
dibanyak,dibanyak 
untungan,untungan 
desersi,desersi 
wouldve,akan
jatim,jawa timur
anjeng,anjing
rusiakek,rusia kek
dishah,dishah 
ever,pernah
ball,bola
blueorigin,blueorigin 
sangwe,sangwe 
gausah,tidak usah
left,kiri
bolh,bolh 
implement,implementasi
scotland,skotlandia
shin,shin 
sedengan,sedengan 
kenji,kenji 
aight,aight 
keliar,keliar 
daijobu,baik-baik saja
umpetin,sembunyikan
laah,laah 
bibik,bibik 
comedy,komedi
chanel,channel
albeit,albeit 
anyep,anyep 
cuan,untung
bacain,bacakan
hadehhh,hadeh
bubarno,bubarno 
rait,rait 
dengkian,dengkian 
kekkkk,kekkkk 
nolong,tolong
nyeret,menyeret
lwker,lwker 
display,tampilan
halune,halune 
ekspek,ekspek 
karnakan,karnakan 
fuckin,sialan
diakal,diakal 
kekny,keknya
indonesya,indonesia
public,publik
taulani,taulani 
applydapet,applydapet 
promotions,promosi
disanaaa,disana
decline,menolak
carousell,carousell 
song,lagu
peraya,peraya 
kemanamana,kemana-mana
allahhhhh,allah
ngakak,tertawa
ghani,ghani 
mauk,mau
caregiver,caregiver 
counting,menghitung
trended,trending
ajigg,ajigg 
utamas,utama
tripple,triple
makinmakin,semakin
lollive,lollive 
dude,dude 
ngedekem,ngedekem 
younger,lebih muda
broo,bro
semaleman,semalaman
unyari,unyari 
yaallah,ya allah
englishnya,inggrisnya
puanas,puanas 
linkon,linkon 
wkwk,tertawa
walas,walas 
ihnsbp,ihnsbp 
understand,mengerti
riweuh,riweuh 
lawrence,lawrence 
lunasin,lunasi
paste,tempel
wingky,wingky 
kunyukk,kunyukk 
lancaar,lancar
bossman,bossman 
bawabawa,bawa-bawa
awikwoknya,awikwoknya 
nulisnya,menulisnya
ngeyakinin,meyakinkan
ayen,ayen 
singapur,singapura
check,periksa
sepeser,sepeser 
trading,perdagangan
anon,anon 
nyentuh,menyentuh
brisik,berisik
ngebet,ngebet 
enters,masuk
galaxy,galaksi
jomokers,jomokers 
prompter,prompter 
puaaas,puas
njenengan,njenengan 
duludan,duludan 
know,tahu
ebeb,ebeb 
huuh,huuh 
bolehlah,boleh
nyemplung,nyemplung 
akubtau,akubtau 
europe,eropa
plsssssss,tolong
diulti,diulti 
kind,jenis
begosono,begosono 
need,butuh
reflek,reflek 
wagilasih,wagilasih 
pansuskita,pansuskita 
here,di sini
hayuk,ayo
stay,tinggal
kings,raja
diruqayh,diruqayh 
kudugaaa,kudugaaa 
messnya,messnya 
selda,selda 
incl,termasuk
datas,data
confirmed,dikonfirmasi
begitukan,begitukan 
marih,marih 
actually,sebenarnya
salahh,salah
itung,hitung
terkocar,terkocar 
kidds,anak-anak
dukhon,dukhon 
kemanapunn,kemana pun
himawan,himawan 
ngaweawe,ngaweawe 
isilop,polisi
frasya,frasya 
kesaing,kesaing 
nasgor,nasi goreng
ngetrend,trending
edenda,edenda 
jelasno,jelasno 
thir,thir 
ngedumel,ngedumel 
mnmukan,mnmukan 
miyu,miyu 
sbysgp,sbysgp 
reward,hadiah
tagzeps,tagzeps 
ewww,ewww 
begono,begono 
cuekin,cuekin 
nabungnya,menabungnya
blame,menyalahkan
pemprov,pemerintah provinsi
partyku,partyku 
countrys,negara
officially,secara resmi
grib,grib 
dirtek,dirtek 
tethadap,terhadap
tapiii,tapi
years,tahun
beteweee,beteweee 
foxie,foxie 
taslan,taslan 
bubble,gelembung
tumbuhin,tumbuhkan
open,buka
angtum,angtum 
kukubima,kukubima 
nantang,menantang
sliweran,sliweran 
greenery,greenery 
aumr,aumr 
gaess,gaess 
wdyt,wdyt 
youll,youll 
nabung,menabung
prabski,prabski 
negaea,negaea 
absence,ketidakhadiran
sharelock,sharelock 
chuak,chuak 
nyuruh,menyuruh
menuhin,menuhi
seloyal,seloyal 
halalin,halalkan
deserve,pantas
timles,timles 
wonyu,wonyu 
kaburdulu,kabur dulu
care,peduli
kaburyuk,kabur yuk
gestalten,gestalten 
ceunah,ceunah 
marketnya,pasarnya
rlly,really
mensukung,mendukung
trapped,terjebak
dimananpun,dimanapun
tanem,tanam
neospring,neospring 
speech,pidato
gasabar,gasabar 
ngegeser,menggeser
ngebaso,ngebaso 
bawain,bawakan
dued,dued 
human,manusia
awokwkwok,awokwkwok 
dilaporin,dilaporkan
happening,terjadi
kahhh,kah
yakul,yakul 
sempro,semprot
shugei,shugei 
undikabur,undikabur 
barenggg,bareng
uahauahau,uahauahau 
ngaceng,ngaceng 
kiding,kiding 
dubuat,dubuat 
lapin,lapin 
scoups,scoups 
buangin,buang
bolee,boleh
travel,perjalanan
sist,sist 
mariiiii,mari
dimaapin,dimaafkan
nunu,nunu 
plss,tolong
zuan,zuan 
changi,changi 
sctt,sctt 
yutup,youtube
nyamar,nyamar 
kyro,kyro 
cepattt,cepat
bremzek,brengsek 
dimandiin,dimandikan
brgkat,berangkat
iseh,masih 
dihilangin,dihilangkan
togelslot,togelslot 
invited,diundang
manggil,memanggil
breathe,bernafas
apohotel,apohotel 
nyediain,menyediakan
probably,mungkin
bunbun,bunbun 
pelanÃ‚Â²,pelan-pelan
mentality,mentalitas
warlok,warga lokal 
kebon,kebun
apek,apek 
kwkwkk,kwkwkk 
ngapainnnn,ngapain
bray,bray 
mulu,saja
jaba,jaba 
maleman,maleman 
book,buku
nabrak,menabrak
gobloooook,goblok 
amanin,mengamankan
pharsa,frasa 
source,sumber
guess,tebak
jerumuskan,menjerumuskan
engineers,insinyur
community,komunitas
manusya,manusia
risang,risang 
likaliku,likaliku 
ahnyotnyot,ahnyotnyot 
instastory,instastory 
sesayang,sesayang 
grades,nilai
dirman,dirman 
ekspat,ekspat 
else,else 
rasanyaa,rasanya
gaaa,tidak
mazzara,mazzara 
kepassing,kepassing 
lisachella,lisachella 
ajabuat,aja buat 
replace,ganti
languages,bahasa
bwahang,bwahang 
cewekcewek,cewek-cewek
lovely,indah
lovely,menyenangkan
vatican,vatikan
markah,tanda
prat,praktis
membesar,memperbesar
shithole,tempat buruk
anyink,catatan
gatakut,ketakutan
pulangnya,pulang
fotonya,foto
bisi,bisikan
inves,investasi
ikutt,ikut
crab,kepiting
mantu,menantu
feature,fitur
dibeliin,dibeli
dprri,dpr ri
majuin,ajukan
selasela,sela-sela
terpedaya,tertipu
cowonya,pacarnya
dibully,digerundang
hapiba,habis
ngenes,menyedihkan
jongos,pelayan
aktifis,aktivis
buldep,buldoser
aunya,punyanya
dulua,dulu
bozz,bos
habisnya,habis
problem,masalah
ajaaabiar,biar
experience,pengalaman
alurnya,alur
civil,sipil
driver,pengemudi
baiknya,baik
velocity,kecepatan
oneshot,sekali tembak
life,hidup
kedzoliman,kezaliman
kelezatan,kenikmatan
simpul,ikatan
nyendok,mengambil
bini,istri
kaaaak,kakak
ojok,jangan
hurahura,hura-hura
arsi,arsip
urgent,mendesak
royong,gotong royong
gobok,lemari
gilanya,gila
lengkapnya,lengkap
ponakan,keponakan
options,pilihan
boca,bocah
drained,habis
remind,ingatkan
persulit,memperumit
shade,naungan
tuhkan,tuangkan
nego,negosiasi
marketing,pemasaran
adaitu,ada itu
bejir,bejat
becandaan,canda
planning,perencanaan
uninstall,copot
chance,kesempatan
dishare,dibagikan
kemenpmi,kemen pmi
place,tempat
gengs,teman-teman
ptln,pt ln
brngsek,brengsek
takoot,takut
funfact,fakta menarik
ngising,buang air besar
gabaik,baik
dianya,dia
recomended,disarankan
bursaslot,slot
hashatag,tagar
aseliii,asli
konteksnya,konteks
team,tim
switch,beralih
kaburlah,kabur
chaos,kekacauan
race,balapan
inibudaya,budaya ini
ngojol,ojol
meski,meskipun
visititaly,kunjungi italia
seriusdll,serius dll
sumpahan,sumpah
indon,indonesia
keudikan,keadilan
stance,sikap
mangat,semangat
plan,rencana
gorongÃ‚Â²,gorong-gorong
banyakan,banyak
janjangan,janji
when,ketika
wont,tidak akan
merch,merchandise
nenangin,menenangkan
sallary,gaji
wongarden,taman
dzalimmau,dzalim mau
been,telah
takkan,tidak akan
friday,jumat
berari,berarti
invoice,faktur
enjoy,nikmati
sampeya,sampai ya
jowowi,jokowi
struggle,perjuangan
kurengv,
became,menjadi
riskan,berisiko
abahbiar,ayah biar
changer,pengganti
nowits,sekarang
says,berkata
reality,realitas
career,karir
yaampun,ya ampun
rebel,pemberontak
saving,tabungan
bakul,penjual
stone,batu
putarannya,putaran
kusuruh,suruh
yaallahh,ya allah
block,blokir
ngejalanin,menjalankan
qualified,berkualitas
heritage,warisan
smile,senyum
japanese,jepang
space,ruang
cuannya,uangnya
fandez,fans
making,membuat
luvvv,cinta
mahhh,
sabarnya,sabar
maharny,maharnya
dimintain,diminta
milyaran,miliaran
yeah,ya
disaat,di saat
wonder,heran
sekedar,hanya
liburannn,liburan
palestine,palestina
lock,kunci
dilayoff,dipecat
hahahah,ha ha ha
gbisa,tidak bisa
kuraÃ‚Â²,kura-kura
ngitis,ngetes
difase,di fase
ngakses,mengakses
puraÃ‚Â²,pura-pura
lagikabur,kabur lagi
buangbuang,buang-buang
event,acara
woii,woi
ngeluh,mengeluh
brand,merek
kalakuan,perilaku
deymm,aduh
ngedrop,turun
ngelesnya,alasan
begimana,bagaimana
easycash,uang mudah
rapidly,cepat
sadreality,realita sedih
cosplai,kostum
dikomen,dikomentari
ahahhaa,ha ha ha
ngumpulim,ngumpul
tmur,timur
hecticnya,sibuknya
between,antara
sekitaran,sekitar
oder,order
cooo,
student,mahasiswa
dijelasin,dijelaskan
bhsa,bahasa
certified,bersertifikat
spade,sekop
cabuttolak,cabut tolak
aing,saya
worst,terburuk
isok,bisa
tissue,tisu
writer,penulis
ngehype,menghipnotis
bolehboleh,boleh-boleh
intervensi,campur tangan
flights,penerbangan
fitness,kebugaran
upper,atas
maaci,terima kasih
become,menjadi
answerella,jawab ella
blunder,kekeliruan
gokiiiil,gokil
survival,bertahan hidup
mukamuka,muka-muka
ditiktok,di tiktok
topic,topik
hasilin,hasil
twiter,twitter
newsasia,berita asia
wkwkkwkw,
sndrlagian,sendiri lagian
kebacut,terlalu
linkviral,link viral
feels,rasa
toeflielts,toefl ielts
ngelamar,melamar
canon,kanon
kanpeki,sempurna
alasanya,alasannya
cuma,hanya
succeed,berhasil
ngubekÃ‚Â²,mengubek
curious,penasaran
tbtb,tiba-tiba
intimate,akrab
ditest,dites
woyyyy,woi
difficult,sulit
emak,ibu
bocil,bocah
maav,maaf
pepper,lada
stateless,tanpa kewarganegaraan
diving,menyelam
plis,tolong
soulmate,belahan jiwa
sadarin,menyadari
mosok,mungkin
baekbaek,baik-baik
brave,berani
sekalinya,sekali
portrayals,penggambaran
mentri,menteri
ditanahnya,di tanahnya
behind,dibelakang
import,impor
bjiirrr,
wkwkwkwkw,
kiwis,kiwi
awoakaok,
benarnya,benar
gaksih,tidak
knitwear,rajutan
approved,disetujui
insyallah,insya allah
ciaociao,ciao ciao
hepi,senang
goddamnit,sialan
nanges,menangis
point,poin
uiux,ui ux
whislist,daftar keinginan
memanglah,memang
maennya,mainnya
ilaih,lihat
bacabaca,baca-baca
ngelola,mengelola
kere,miskin
someday,suatu hari
disorder,gangguan
brainrot,otak rusak
jobs,pekerjaan
fikss,fix
infonyaa,infonya
yakannn,yakan
nursing,perawat
analyst,analis
kici,kucing
kerjaa,kerja
badn,badan
geter,getar
ngobs,ngobrol
unskilled,tidak terampil
katain,katakan
gatekeep,penjaga gerbang
dipromoin,dipromosikan
girlfriend,pacar
klrg,keluarga
dipost,diposting
kejuuu,keju
haloo,halo
jokowe,jokowi
maximalist,maksimalis
therefore,karenanya
akeh,banyak
wild,liar
mostly,sebagian besar
abisnya,habisnya
hastage,tagar
odgj,orang dengan gangguan jiwa
nakut,menakutkan
inner,batin
mngyu,mengu
indonesial,indonesia
bestieee,sahabat
ahhshdhdhs,
hahahha,ha ha ha
ganyangka,ganyang
pasport,paspor
disono,disana
pntes,pantes
lahhga,lah
tingkatin,tingkatkan
click,klik
bibiiiii,bibi
inspiring,menginspirasi
ndasmu,kepalamu
cheaper,lebih murah
banggg,bang
somehow,entah bagaimana
ngekang,mengekang
hehheh,he he
class,kelas
bulannya,bulan
powerku,kekuatanku
sangsi,sanksi
brhbung,berhubung
adventure,petualangan
respond,menanggapi
manteman,teman-teman
setaraan,setara
dijatuhin,dijatuhkan
elders,orang tua
tatananny,tatanan
tropical,tropis
googling,mencari di google
thankss,terima kasih
segaenakny,seenaknya
pornograpi,pornografi
record,rekam
dilakuakn,dilakukan
laaahhhhh,lah
perthsanta,perth santa
germans,jerman
diimah,di rumah
ditempat,di tempat
milu,ikut
yess,ya
huaaaaa,huaa
naiknaik,naik-naik
ketipu,tertipu
berduitt,berduit
yourself,diri sendiri
instant,instan
begitupun,begitu pun
mksudnya,maksudnya
lowker,lowongan kerja
kaluar,keluar
apply,melamar
dicarimana,dicari mana
currently,saat ini
uelek,ulek
semacem,semacam
benerinnya,benarinnya
ways,cara
yurop,eropa
gasss,gas
sape,siapa
accepted,diterima
priittt,priit
must,harus
drowning,menenggelamkan
ready,siap
opening,pembukaan
stagnant,stagnan
lepass,lepas
shilahkan,silahkan
efficient,efisien
sebener,sebenarnya
under,dibawah
nampung,menampung
slotbet,slot bet
vibesmalam,vibes malam
pipeline,pipa
kulitin,kulit
academy,akademi
white,putih
akumaudong,akuma udong
spore,spora
could,bisa
klonrame,klon rame
ngerombak,mengrombak
iyaaalah,iya lah
pedahal,padahal
then,kemudian
sold,terjual
elite,elit
seee,lihat
guyssss,guys
congsratz,selamat
dirumahaja,di rumah saja
seriously,serius
elahhhh,elah
semogaaaa,semoga
nantiny,nantinya
brbagai,berbagai
goals,tujuan
ketrigger,terpicu
selamatin,selamatkan
akwkwkwk,ha ha ha
beef,daging
saying,mengatakan
momentnya,momennya
mowning,pagi
election,pemilihan
heheheh,he he he
bangbayang,bayang
shipping,pengiriman
health,kesehatan
hunters,pemburu
instal,pasang
jepangnya,jepang
udaaaalah,sudahlah
usahain,usaha
orangorang,orang-orang
ditungguin,ditunggu
postdoc,pasca doktoral
next,berikutnya
perdalam,pendalaman
dongkalau,kalau
grad,lulusan
aksksk,aksksk 
notif,notifikasi
post,posting
family,keluarga
fight,pertarungan
nguli,kuli
estetik,estetika
treatment,perawatan
ngumpulin,kumpulkan
soksokan,sokongan
business,bisnis
carat,karat
nyamperin,sambut
eaaa,ya
gede,besar
nihon,jepang
grade,tingkat
death,kematian
wapresmu,wakil presidenmu
korsel,korea selatan
mentalku,mental
credits,kredit
bereq,berek
counter,penghitung
extrem,ekstrem
liatnye,lihatnya
awikwok,
lowkey,rendah hati
ruler,penguasa
bionya,bio
mention,sebut
colek,sentuh
ausie,australia
kabueh,kabur
cumananya,cuma
hooman,manusia
west,barat
friend,teman
yakrn,yakin
ojak,jangan
jaluurr,jalur
echo,gaung
bltanjiiir,
trooossss,tros
paspasan,pas-pasan
dilink,di link
finest,terbaik
k????jam???Â©,kejam
benefit,manfaat
muhun,mohon
placement,penempatan
playing,bermain
misah,terpisah
filled,terisi
count,hitung
beluuum,belum
soresore,sore-sore
ngelepas,lepas
daaaang,dang
dlsbnya,dll
gassinn,gas
sech,seh
huahhh,huah
nyampahin,sampah
nepo,nepotisme
give,beri
edinburg,edinburgh
jebul,ternyata
nourrrrrer,nourer
yaaaps,ya
lahk,lah
jawabali,jawab
rnznews,rnz news
piraku,pirangku
mengnya,kucingnya
indonezia,indonesia
tuololl,tolol
ketutup,tertutup
every,setiap
pedo,pedofil
privilage,privilege
ngebenerin,benarkan
qurban,kurban
krismon,krisis moneter
gaksi,tidak bisa
ekspetasi,ekspektasi
wapres,wakil presiden
gercep,gerak cepat
lovyu,love you
rispek,respek
galuh_maju_,galuh maju
betull,benar
ngetroll,troll
dahlahh,sudahlah
okedeh,oke deh
kerjs,kerja
sshingga,sehingga
wehh,weh
ngetwit,tweet
started,mulai
pressured,tekanan
ngerepotin,repotkan
plottwist,plot twist
evrywhere,everywhere
waaah,wah
iconic,ikonik
lend,pinjam
beberes,bereskan
skskwk,skskwk 
potential,potensial
hooh,huh
aru_kabur_aja_dulu,kabur aja dulu
koyoke,koyok
digrepe,grepe
slice,potong
nyedot,hisap
malumalu,malu-malu
suki,suka
agree,setuju
lamaaaaa,lama
moodz,mood
eskrim,es krim
praduga,dugaan
anjayyy,anjay
grass,rumput
that,itu
chara,karakter
bitch,jalang
panasin,panas
aply,aplikasi
gemoy,gemas
tandingan,tanding
ihsk,
trnyt,ternyata
wani,berani
diitung,dihitung
simcard,kartu sim
krlan,keberlanjutan
akwkwk,akwkwk 
because,karena
maaciii,maaf
slamatkan,selamatkan
jirrr,aduh
cookscoups,cook soups
jarkom,jaringan komputer
bullshit,omong kosong
siterduga,terduga
selfies,foto diri
gacocok,cocok
enteng,ringan
hamnya,ham
ncetusin,cetuskan
wkkw,wkwkwk
youre,kamu
nurutku,urutku
belong,punya
diomelin,dimarahi
nyerahin,serahkan
ngajakin,mengajak
sadarrrrr,sadar
awake,bangun
dibwh,dibawah
disatuin,satukan
welkam,selamat datang
wkwkwkwkk,wkwkwkwkk 
gelatonya,gelasnya
sympathize,bersimpati
memaafi,maafkan
gitugitu,seperti itu
luuhh,luh
puasin,puas
those,mereka
knows,tahu
batalin,batalkan
merekanya,meraka
exist,ada
gasehhh,gas
bebanbeban,beban
bangkabur,kabur
reached,capai
beraaaaat,berat
alibinya,alibi
holy,suci
koke,koki
sexist,seksis
sampahnya,sampah
ausind,australia india
dicetuskan,cetuskan
pendem,pendam
sswjepang,siswa jepang
kalaau,kalau
ajaibarat,ibarat
ngebacotin,bacot
blessing,berkah
balik????,balik
mskipun,meskipun
wuih,wih
oalah,olah
sumut,sumatera utara
ukrainians,ukraina
dibelai????,dibelai
perfect,sempurna
secrets,rahasia
udaa,sudah
iyain,iya
foreign,asing
gaakan,tidak akan
dipojokan,dipojok
ancurin,hancur
prophecy,ramalan
kowe,kamu
ptinstansi,pt instansi
either,baik
setanahnya,setanah
budgeting,anggaran
dadakan,mendadak
nyaris,hampir
ngebeer,minum bir
alteeeee,alta
hustle,kerja keras
dapa,dapat
jatohnya,jatuhnya
riyaya,lebaran
trisur,trisul
bebass,bebas
msia,malaysia
nervous,gugup
palsi,palsu
usual,biasa
wise,bijak
referral,rujukan
offer,tawaran
hadeeh,aduh
debatin,debat
begginner,pemula
disiasiain,disia-siakan
presence,kehadiran
mecima,mecin
feed,umpan
nihongo,bahasa jepang
abistu,abis itu
takdelah,tidak ada
dibuat????,dibuat
dibank,di bank
tnial,tni al
takde,tidak ada
jarene,katanya
bepe,bapak
trickny,triknya
otewe,dalam perjalanan
kekeuh,keukeuh
jikan,jika
kasarnya,kasar
supportive,mendukung
gelapp,gelap
dibubarno,dibubarkan
dowo,panjang
dekati,mendekati
karirnya,kariernya
nganggap,menganggap
nonmuslim,non-Muslim
cusin,sepupu
mrintah,memerintah
chitchat,obrolan
karep,kehendak
club,klub
powerful,kuat
critany,ceritanya
ehhhh,eh
apai,apa
arahin,mengarahkan
backup,cadangan
lakinya,suaminya
exodus,eksodus
china,cina
roniii,roni
voters,pemilih
tuned,selaras
wamil,wajib militer
kutau,kutahu
ruutni,rutin
setau,setahu
kerjaan,pekerjaan
cutibiar,cuti
samudera,samudra
plsplspls,tolong
fluent,lancar
minummakan,minum-makan
seehhh,sih
kesangkut,tersangkut
selfi,swafoto
hmmmmm,hmm
montor,motor
jepun,jepang
parttime,paruh waktu
gagallagi,gagal lagi
cmiiw,koreksi jika saya salah
kack,kak
gasihhh,enggak sih
mermet,putri duyung
isin,malu
ngepul,mengepul
terhingga,tak terhingga
ngisi,mengisi
turnover,pergantian
amitamit,amit-amit
trip,perjalanan
extreme,ekstrem
copy,salin
jujuran,kejujuran
stepping,melangkah
doing,melakukan
savecasn,lindungi casn
korap,korupsi
lifeline,urat nadi
offshore,lepas pantai
meaningful,bermakna
ตวอยางขามฟาเคยงเธอ,menyeberangi langit bersamamu
วอลเลยบอลหญง,bola voli wanita
โตโน,Tono
人,manusia
将来は何をしたいんですか,Apa yang ingin kamu lakukan di masa depan?
小学生,siswa sekolah dasar
授業でkaburajaduluに関する文章をよんでいるけどこれがインドネシア国民の不満のあらわれならば今年のダルマシスワが厳しいのもそりゃそうだよねって感じだし,Saya sedang membaca artikel tentang 'kaburajadulu' di kelas, dan jika ini adalah manifestasi ketidakpuasan rakyat Indonesia, maka masuk akal jika beasiswa Dharmasiswa tahun ini juga ketat
春,musim semi
润,menguntungkan
저는,saya
22nya,dua-duanya
aaaaaaakkk,ah
aaaaahhhh,ah
aaaammmiiiinnnn,amin
aaahh,ah
aaamiiin,amin
aaamiiinnn,amin
aaamin,amin
aahh,ah
aama,sama
aamien,amien
aamiiiiinnn,amin
aamiiiinnnnn,amin
aamiiin,amin
aamiin,amin
aamiinin,amin
aamiinnn,amin
aamin,amin
abal",abal-abal
abal2,abal-abal
abanggg,abang
abanggku,abangku
abeees,habis
abes,habis
abez,habis
abg,abang
abgnya,abangnya
abgnyaah,abangnya
abiiiiisssss,habis
abiiiss,habis
abis,habis
abis2,habis-habis
abiss,habis
abisss,habis
abiz,habis
abizzz,habis
abizzzz,habis
abs,habis
acra,acara
ad,ada
ada2,ada-ada
adaa,ada
adain,mengadakan
adapin,menghadapi
add,ada
ade,adek
adeeek,adek
adek2,adek-adek
adekx,adeknya
ademm,adem
ademmm,adem
adengan,adegan
adenya,adeknya
adeuh,aduh
adiik,adik
adkah,adakah
adl,adalah
adlh,adalah
aduhh,aduh
aduhhh,aduh
aduhhhhhhhhh,aduh
aduuh,aduh
aduuhh,aduh
aduuhhh,aduh
aduuhhhh,aduh
aduuuh,aduh
adyem,adem
ae,saja
aee,saja
aelah,alah
aer,air
agama'ny,agamanya
agan2,agan-agan
agk,agak
agma,agama
ahahahanjirrr,anjir
ahh,ah
ahhh,ah
ahhhh,ah
aj,saja
aja,saja
ajaa,saja
ajaaa,saja
ajaaahhhhh,saja
ajah,saja
ajahhh,saja
ajaibb,ajaib
ajaibbbbb,ajaib
ajakin,mengajak
ajarin,ajarkan
aje,saja
ajh,saja
ajha,saja
ajhh,saja
ajibb,ajib
ajj,saja
ajja,saja
ajjh,saja
ak,aku
akau,aku
akhirt,akhirat
akhlah,akhlak
akhrt,akhirat
akn,akan
akuh,aku
akuhh,aku
akuu,aku
akuuu,aku
akuuuur,akur
ala2,ala-ala
alaami,alami
alak,kepala
alamii,alami
alamiii,alami
alhamd,alhamdulillah
alhamdulillaaaaah,alhamdulillah
alissnyaa,alisnya
alkhamdulilah,alhamdulillah
allaahh,allah
allahh,allah
allahhhh,allah
allahhhhhhh,allah
alloh,allah
alm,almarhum
almh,almarhumah
aloh,allah
alu,aku
am,sama
ama,sama
amaattt,amat
amad,amat
amatt,amat
ambilin,mengambil
ameen,amin
amen,amin
amfun,ampun
amiend,amien
amienn,amien
amiennn,amien
amiennnn,amien
amiien,amien
amiiiiiiiiiiiiiiiiin,amin
amiiiiiiiiiiin,amin
amiiiiiiiiiinnnnnnn,amin
amiiiiin,amin
amiiiiinnn,amin
amiiiiinnnnn,amin
amiiiin,amin
amiiin,amin
amiiinn,amin
amiiinnn,amin
amiiinnnn,amin
amiin,amin
amiinn,amin
amiinnn,amin
amiinnnn,amin
amin2,amin-amin
aminn,amin
aminn2,amin-amin
aminnn,amin
aminnnn,amin
aminnnn2,amin-amin
aminnnnn,amin
amit2,amit-amit
ammiiin,amin
ammin,amin
amohhh,kamu
ampe,sampai
amploppp,amplop
ampunn,ampun
ampunnnn,ampun
ampunnnnn,ampun
ampuun,ampun
ampuunn,ampun
ampuuun,ampun
ampuuunn,ampun
ampyunnnn,ampun
amu,kamu
anak",anak-anak
anak2,anak-anak
anak2e,anak-anaknya
anak2mu,anak-anakmu
anak2nya,anak-anaknya
anakny,anaknya
anakx,anaknya
anak'y,anaknya
ancur,hancur
ancurrr,hancur
andaaa,anda
aned,banget
anedh,banget
aneed,banget
aneh2,aneh-aneh
anehhh,aneh
aneut,banget
anj,anjing
anjaaaayyyyyy,anjay
anjaayy,anjay
anjayyyy,anjay
anjingnyaa,anjingnya
anjirr,anjir
anjirrr,anjir
anjirrrr,anjir
anjjjjjjjj,anjing
ank",anak-anak
ank,anak
ank2,anak-anak
ank2nya,anak-anaknya
ankknyaaa,anaknya
anknya,anaknya
ankx,anaknya
annnnjjjjjjrrrr,anjir
anterin,antar
anterin,antarkan
anugrah,anugerah
anyeng,anjing
ap,apa
apa",apa-apa
apa2,apa-apa
apa2nya,apa-apanya
apaa,apa
apaaa,apa
apaaan,apaan
apaalahh,apalah
apah,apa
apain,apai
apal,hapal
apalagiii,apalagi
apalai,apalagi
apalg,apalagi
apalgi,apalagi
apasihhh,apasih
ape,apa
apikkkk,apik
aplikasiin,mengaplikasikan
aplks,aplikasi
apo,apa
appa,apa
applikasi,aplikasi
apun,apapun
apus,hapus
aq,aku
aqu,aku
arab2,arab-arab
arghhh,ah
artis",artis-artis
artis2,artis-artis
artisnyaa,artisnya
artist",artis-artis
artix,artinya
asikkk,asik
asliii,asli
asliiii,asli
asliiiii,asli
aslinyo,aslinya
astafirullah,astagfirullah
astagaa,astaga
astagaaa,astaga
astagaaaa,astaga
astagaaaaaa,astaga
astagaaaaaaaa,astaga
astagfirrullah,astagfirullah
astagfirullh,astagfirullah
astauviruloh,astagfirullah
astgfrlh,astagfirullah
astgfrullah,astagfirullah
asuuu,asu
asyikkkkk,asyik
atassan,atasan
atassss,atas
ati",hati-hati
ati2,hati-hati
ato,atau
ats,atas
atu,satu
atuhh,atuh
atuhhh,atuh
atutt,takut
atuu,satu
atw,atau
aurot,aurat
autuhh,tau tuh
awaas,awas
awal2,awal-awal
awk,awak
awl,awal
awoohhh,allah
ayahh,ayah
ayank,sayang
ayoklaa,ayolah
ayoo,ayo
ayooo,ayo
ayoook,ayo
ayoookkkkkk,ayo
ayoooo,ayo
ayooook,ayo
ayuk,ayo
ayukk,yuk
aza,saja
azaab,azab
azeeeek,asik
azekkkk,asik
b2,berdua
b2an,berduaan
b3,bertiga
baaaaaang,bang
baaiikkk,baik
baang,bang
baanget,banget
baanggeettt,banget
babget,banget
baca2,baca-baca
bacaaaa,baca
bacahalah,bacalah
bacotin,bacoti
badaaiii,badai
badaii,badai
badingkan,membandingkan
bae2,baik-baik
baek,baik
baek2,baik-baik
bagaatt,banget
bagaimanaaa,bagaimana
bagaimna,bagaimana
baget,banget
bagi2,bagi-bagi
bagiii,bagi
bagiin,bagikan
bagiin,membagikan
bagus2,bagus-bagus
bagusnyeee,bagusnya
baguss,bagus
bagusss,bagus
bagussss,bagus
baguusss,bagus
baguuus,bagus
baguuuuus,bagus
bahas2,bahas-bahas
baik2,baik-baik
baik2nya,baik-baiknya
baikk,baik
baikxa,baiknya
baju.a,bajunya
baju2,baju-baju
baju'a,bajunya
bakar2in,bakar-bakari
bakattt,bakat
bales,balas
bales2in,balas-membalas
balesin,membalas
bandingin,bandingkan
bang,abang
bangat,banget
bangcat,bangsat
banged,banget
bangedd,banget
bangedt,banget
bangeeeeetttt,banget
bangeeeet,banget
bangeeet,banget
bangeeettt,banget
bangeer,banget
bangeet,banget
bangeett,banget
bangeettt,banget
banger,banget
bangets,banget
bangett,banget
bangettt,banget
bangetttt,banget
bangettttt,banget
bangetttttt,banget
bangettttttt,banget
bangetttttttt,banget
bangetttttyt,banget
bangg,bang
bangga"in,membangga-banggakan
bangga2in,membangga-banggakan
banggain,banggakan
bangget,banget
banggett,banget
bangke,bangkai
bangkret,bangkrut
bangrt,banget
bangshad,bangsat
bangst,bangsat
bangt",banget-banget
bangt,banget
banhet,banget
bante,bantai
bantuanny,bantuannya
bantuim,bantu
banx,bang
banyaaaaaak,banyak
banyaaaak,banyak
banyaak,banyak
banyak2,banyak-banyak
banyakin,membanyaki
bape,bawa perasaan
bapeeeer,bawa perasaan
bapeerr,bawa perasaan
baper,bawa perasaan
baperr,bawa perasaan
baraang,barang
barang2,barang-barang
barengg,bareng
baru2,baru-baru
baruu,baru
basodaraa,bersaudara
bat,banget
batesin,batasi
batikk,batik
battt,banget
batwc,banget
bawa",bawa-bawa
bawa2,bawa-bawa
bawak,bawa
bayangin,bayangkan
bazengg,bajingan
bbrp,beberapa
bbrpa,beberapa
bc,baca
bca,baca
bcnda,bercanda
bdampingan,berdampingan
bdan,badan
bdn,badan
bebrp,beberapa
beda2,beda-beda
bedaa,beda
bedaaa,beda
bedain,membedakan
bedainnya,membedakannya
bedanyaaa,bedanya
bedua,berdua
begete,banget
beginii,begini
beginiiii,begini
begok,bego
bejilbbnya,berjilbabnya
bela"in,membela-bela
bela2in,membela-bela
belain,membela
belanjaa,belanja
beliiin,belikan
beliin,belikan
beliin,membelikan
bellain,membela
belom,belum
belooomm,belum
beluumm,belum
benahin,membenahi
benar",benar-benar
benar2,benar-benar
benarin,membenarkan
benda2,benda-benda
bener",benar-benar
bener,benar
bener2,benar-benar
beneraan,benaran
beneran,benaran
benerr,benar
benet,benar
benetaran,benaran
bengkak2,bengkak-bengkak
benneeeeeerr,benar
bentarr,bentar
ber2,berdua
berangat,berangkat
berani2,berani-berani
berarto,berarti
berati,berarti
beratttttttt,berat
berbakiti,berbakti
berbeda2,berbeda-beda
berbiiiiiihhh,barbie
berenanh,berenang
ber'expresi,berekspresi
berfikir,berpikir
bergunaa,berguna
berhijap,berhijab
berjinah,berzina
berkluarga,berkeluarga
bermaksut,bermaksud
berntung,beruntung
bertatto,bertato
bertolernsi,bertoleransi
beruntungnyaaaa,beruntungnya
besar",besar-besar
besar2an,besar-besaran
besar2in,besar-besarkan
besarin,membesarkan
besokkk,besok
besook,besok
bet,banget
bets,banget
bettt,banget
betul2,betul-betul
betuuuuulllllllllllllllll,betul
beud,banget
beudd,banget
beut,banget
bg,bang
bgd,banget
bgect,banget
bget,banget
bgettt,banget
bgi,bagi
bgini,begini
bgitu,begitu
bgmana,bagaimana
bgmn,bagaimana
bgmna,bagaimana
bgni,begini
bgs,bagus
bgt,banget
bgtt,banget
bgttt,banget
bgtttt,banget
bgttttttt,banget
bgtttttttt,banget
bgtu,begitu
bgtuu,begitu
bgun,bangun
bgus,bagus
bgussss,bagus
bhagaia,bahagia
bhagia,bahagia
bhas,bahas
bhet,banget
bhgia,bahagia
bhgiain,membahagiakan
bhijab,berhijab
bhkn,bahkan
bhn,bahan
bhnya,bahannya
bhs,bahasa
bhw,bahwa
bhwa,bahwa
biarin,biarkan
biasa2,biasa-biasa
biasaa,biasa
biasaaa,biasa
biasaaaa,biasa
biasahhh,biasa
bijak2,bijak-bijak
bijin,bikin
bikinin,bikin
bikinin,membikin
bikinnn,bikin
bilang",bilang-bilang
bilang2,bilang-bilang
bilangg,bilang
bilangin,bilang
bilanh,bilang
bilng,bilang
binggo,banget
bingiiittttzzzz,banget
bingiiittzz,banget
bingiit,banget
bingiittt,banget
bingit,banget
bingits,banget
bingitss,banget
bingitsss,banget
bingitt,banget
bingittzz,banget
bingitzzzz,banget
bird,biru
biri,biru
bisaa,bisa
bisaaa,bisa
bisax,bisanya
biza,bisa
bju,baju
bka,buka
bkal,bakal
bkan,bukan
bkin,bikin
bkln,bakalan
bkn,bikin
bkn,bukan
blajar,belajar
blakon,berlakon
bleh,boleh
blg,bilang
blh,boleh
bli,beli
bli2n,beli-belikan
blik,balik
blim,belum
bljr,belajar
blkang,belakang
blkng,belakang
blln,bulan
blm,belum
bln,bulan
blng,bilang
blnja,belanja
bloghhh,goblok
blom,belum
bls,balas
blum,belum
bnda,bunda
bner",benar-benar
bner,benar
bner2,benar-benar
bneraan,benaran
bneran,benaran
bnern,benaran
bnerr,benar
bng,bang
bngatt,banget
bngeeeetttt,banget
bngeet,banget
bnget,banget
bngett,banget
bngettt,banget
bngetttt,banget
bnggain,banggakan
bngkit,bangkit
bngt,banget
bngtt,banget
bngttt,banget
bngtttt,banget
bngtzt,banget
bngun,bangun
bngunlah,bangunlah
bngy,banget
bnk,bang
bnr,benar
bnr2,benar-benar
bnran,benaran
bnrn,benaran
bntar,bentar
bntr,bentar
bntu,bantu
bnyak,banyak
bnyk,banyak
bodhoo,bodoh
bodhooo,bodoh
boker,berak
bol3h,boleh
bolang,bocah petualang
bole,boleh
boleh2,boleh-boleh
boong,bohong
bo'ong,bohong
boro2,boro-boro
bosaan,bosan
bosen,bosan
bosen2,bosan-bosan
bosenin,membosankan
boss,bos
botakin,botaki
botakkkk,botak
bpkmu,bapakmu
bpknya,bapaknya
br,baru
bradegan,beradegan
brangnya,barangnya
brani,berani
branjak,beranjak
brantem,berantem
brapa,berapa
brarti,berarti
brasa,berasa
brayyy,bray
brbakti,berbakti
brbuat,berbuat
brdiri,berdiri
brdua,berdua
brengsekk,brengsek
bres,beres
brg",bareng-bareng
brg,bareng
brhasil,berhasil
brhjb,berhijab
brisi,berisi
brita,berita
britanya,beritanya
brjdh,berjodoh
brjodoh,berjodoh
brkunjun,berkunjung
bronis,brondong manis
brp,berapa
brpa,berapa
brpndapat,berpendapat
brrt,berarti
brrti,berarti
brsama,bersama
brsma,bersama
brsyukur,bersyukur
brtngkar,bertengkar
bru,baru
brubah,berubah
brusaha,berusaha
bs,bisa
bsa,bisa
bsk,besok
bsok,besok
bt,buat
btuh,butuh
btul,betul
btulan,betulan
buanget,banget
buanyaaak,banyak
buatin,buatkan
buatin,membuat
bujngn,bujangan
bujukk,bujuk
buka2,buka-buka
buka2an,buka-bukaan
bukak,buka
bukan'a,bukannya
bukn,bukan
bukti2,bukti-bukti
buktiin,buktikan
buktiin,membuktikan
buktinyaaa,buktinya
bulet,bulat
bund,bunda
bundaa,bunda
bundaaa,bunda
bundaaaa,bunda
bunga2,bunga-bunga
bungggg,bung
bungkusin,bungkuskan
bungkuuussss,bungkus
bungkuuuuuuuuusss,bungkus
burem,buram
Buruan join skarang?",abreviasi
Buruan join skarang?",afiksasi
Buruan join skarang?",elongasi
Buruan join skarang?",monoftongisasi
Buruan join skarang?",reduplikasi
Buruan join skarang?",zeroisasi
buruann,buruan
buruannn,buruan
busedh,buset
buseett,buset
buuun,bun
bw,bawa
bwa",bawa-bawa
bwt,buat
byak,banyak
byangin,membayangkan
byaran,bayaran
byk,banyak
bz,bisa
c,sih
caaannnttiikkk,cantik
caantiiik,cantik
cabe2,cabe-cabe
cabe2an,cabe-cabean
cabol,cabul
cadasss,cadas
cakeeeeppp,cakep
cakeep,cakep
cakepp,cakep
cali,caci
campurin,mencampuri
canci,cantik
cannnnntikkkkkkk,cantik
cannntikk,cantik
cans,cantik
canteek,cantik
canti,cantik
cantiiiiiiik,cantik
cantiiiik,cantik
cantiiiikk,cantik
cantiiik,cantik
cantiiikk,cantik
cantiiikkk,cantik
cantiiillx,cantik
cantiik,cantik
cantiik2,cantik-cantik
cantiikk,cantik
cantiikkkk,cantik
cantik2,cantik-cantik
cantik2nya,cantik-cantiknya
cantika,cantik
cantikk,cantik
cantikkk,cantik
cantikkkk,cantik
cantikkkkk,cantik
cantikkkkkk,cantik
cantikkkkkkkk,cantik
cantikkkm,cantik
cantiknnnnyaaaaaaa,cantiknya
cantiknyaa,cantiknya
cantiknyaaa,cantiknya
cantiknyaaaaa,cantiknya
cantiks,cantik
cantikx,cantiknya
cantinya,cantiknya
cantip,cantik
cantiq,cantik
cantiqs,cantik
cantix,cantik
cantk,cantik
canttikkk,cantik
canttttikkk,cantik
canyk,cantik
capa,sapa
cape,capek
capee,cape
caranga,caranya
cari2,cari-cari
cariin,carikan
catiiiiik,cantik
catokin,catok
caya,percaya
cb,coba
cba,coba
ccok,cocok
cd,celana dalam
ceemen,cemen
cek2,cek-cek
ceklist,ceklis
cem,macam
cemburuu,cemburu
cempreeng,cempreng
centillll,centil
centilnyaaaaaa,centilnya
cepet,cepat
cepet2,cepat-cepat
cepetan,cepatan
cerdass,cerdas
cerdiik,cerdik
ceritax,ceritanya
cew,cewek
cewe,cewek
cewer,jewer
chelalyyu,selalu
choker2,choker-choker
ciapa,siapa
ciee,cie
cieee,cie
cieeee,cie
cieeeee,cie
ciieeeeeee,cie
ciiieee,cie
cinggirnyaaaa,cinggirnya
cini,sini
cino,cina
cintaaaaaaa,cinta
cintax,cintanya
ciptain,ciptakan
ciptain,menciptakan
cita2,cita-cita
ciumman,ciuman
ciusss,serius
ciuuuummmm,cium
ciyeeee,cie
ciyeeeeeee,cie
ciyusss,serius
ckp,cukup
ckrng,sekarang
ckup,cukup
cm,cuma
cma,cuma
cman,cuman
cmkn,camkan
cmn,cuman
cmpur,campur
cntiiikkk,cantik
cntik,cantik
cntikan,cantikan
cntikk,cantik
cntiknya,cantiknya
cntk,cantik
co,cowok
cobaa,coba
cobaaa,coba
cobaaaa,coba
cobain,coba
cobain,mencoba
cobak,coba
coccokk,cocok
cock,cocok
cocokk,cocok
cocokkk,cocok
cocokkkk,cocok
cocokkkkk,cocok
cocokny,cocoknya
cocokx,cocoknya
cocook,cocok
cocookk,cocok
coeggg,coeg
cogan,cowok ganteng
comen,komen
comen2nya,komen-komennya
coment,komen
coment,komentar
comment2nya,komentar-komentarnya
comnet,komen
comntr,komentar
cooocok,cocok
cooooooocok,cocok
coret",coret-coret
cow,cowok
cowo,cowok
coxok,cocok
coyyy,coy
cpa,siapa
cpet,cepat
cpit,sipit
cpt,cepat
cr,cara
cri,cari
critamu,ceritamu
cuaaantikk,cantik
cuaantik,cantik
cuantek,cantik
cuanti,cantik
cuantik,cantik
cuantikkk,cantik
cubanget,lucu banget
cuchook,cocok
cuco,cocok
cucok,cocok
cucokkk,cocok
cukurrr,cukur
cumn,cuman
cums,cuma
curhat2,curhat-curhat
cuyy,cuy
cuyyy,cuy
cw,cewek
cwe,cewek
cwek,cewek
cwnya,ceweknya
cwo,cowok
cwok,cowok
cyiiin,cinta
cyin,cinta
d,ada
d,di
d.apa,diapa
d.bikinin,dibikin
da,ada
da,dah
da,sudah
daaaah,deh
daaah,dah
daah,dah
daah,deh
dah,deh
dah,sudah
dahh,dah
dahh,sudah
dahhhh,dah
dak,indak
dalem2,dalam-dalam
dalil2,dalil-dalil
dallam,dalam
dapet,dapat
dapetin,mendapati
dapetin,mendapatkan
darpada,daripada
dasaar,dasar
dasarrr,dasar
dasyat,dahsyat
dateng,datang
dblkang,dibelakang
dblkng,dibelakang
dbnding,dibanding
dbuat,dibuat
dbwh,dibawah
dcintai,dicintai
ddlm,di dalam
ddpat,didapat
ddpt,didapat
de,deh
de,dek
debay,adek bayi
dech,deh
dede,adek
dedek,adek
dedeknya,adeknya
dee,dek
deeek,dek
deeh,deh
deg2an,deg-degan
dehat,sehat
dehh,deh
dehhh,deh
dehhhh,deh
deket,dekat
deketin,dekati
dekk,dek
dekkk,dek
dekt,dekat
dempga,semoga
dengarin,mendengarkan
dengeeriin,dengarkan
denger,dengar
dengerin,dengarkan
dengerin,mendengarkan
deuhh,duh
dewassa,dewasa
dg,dengan
dgn,dengan
dgr,dengar
dh,dah
dh,deh
dh,sudah
dhe,deh
dhi,di
dhpusin,dihapuskan
diaa,dia
diaaa,dia
diajarin,diajari
diakibtkn,diakibatkan
diam",diam-diam
diamkn,diamkan
dianter,diantar
dianterin,diantar
dianterin,diantarkan
diapa2in,diapa-apai
diapain,diapakan
dibangga'in,dibangga-banggakan
dibanggain,dibanggakan
dibiarin,dibiarkan
dibikin2,dibikin-bikin
dibkatakan,dikatakan
dibls,dibalas
dibnggain,dibanggakan
didapet,didapat
didatengin,didatangi
didengerin,didengarkan
dieee,dia
diem,diam
diemin,diamkan
diemm,diam
difotoin,difoto
digabtikan,digantikan
digambarin,digambarkan
diginiin,dibeginikan
diginikan,dibeginikan
digituin,dibegitukan
dihargain,dihargai
dihh,dih
dihpus,dihapus
dii,di
diihhhh,dih
diindonesis,diindonesia
diingetin,diingatkan
dijadiin,dijadikan
dijelekin,dijelekkan
dijkt,dijakarta
dijwb,dijawab
dikata2in,dikata-katai
dikatain,dikatai
dikemanain,dikemanakan
dikerasin,dikerasi
diketemuin,ketemu
diksi,dikasih
diladenin,diladeni
dilepas2,dilepas-lepas
diliat,dilihat
diliatnya,dilihatnya
dilindungin,dilindungi
diluangin,diluangkan
diluarann,diluaran
dimana",dimana-mana
dimao,dimau
dimarahin,dimarahi
dimasukin,dimasuki
dimusiumin,dimuseumkan
dinamakn,dinamakan
dingin",dingin-dingin
dinyanyiin,dinyanyikan
dipake,dipakai
dipermainin,dipermainkan
dipikirin,dipikirkan
dipojokin,dipojokkan
dipuja2,dipuja-puja
diputusin,diputuskan
dirimuuu,dirimu
dirmh,dirumah
dirumahny,dirumahnya
disiniii,disini
disni,disini
disupirin,disopiri
ditayangin,ditayangkan
ditengah2,ditengah-tengah
ditutupin,ditutupi
dituutup,ditutup
diurusin,diurusi
dket2in,dekat-dekati
dkuburnya,dikuburnya
dl,dulu
dlam,dalam
dlm,dalam
dlu,dulu
dluar,diluar
dmana,dimana
dmn,dimana
dmna,dimana
dn,dan
dng,dengan
dngan,dengan
dngerin,mendengarkan
dnk,dong
do,di
doa2,doa-doa
doaang,doang
doangam,doang
doank,doang
doeloe,dulu
dongg,dong
donggg,dong
dongggg,dong
donk,dong
donkk,dong
donks,dong
donx,dong
doong,dong
doonk,dong
dooong,dong
dosa2mu,dosa-dosamu
dosaa,dosa
dosaaaaaaaaaa,dosa
dosax,dosanya
dpke,dipakai
dpn,depan
dposisi,diposisi
dpotong,dipotong
dpt,dapat
dptkan,dapatkan
dptnya,dapatnya
dr,dari
dramaa,drama
dri,dari
drii,dari
drimana,darimana
drimnanya,darimananya
dripada,daripada
dripda,daripada
drmn,darimana
drpada,daripada
drpd,daripada
dsana,disana
dsar,dasar
dsini,disini
dsna,disana
dsni,disini
dsr,dasar
dsrny,dasarnya
dssi,disisi
dstu,disitu
dteng,datang
dtg,datang
dtggu,ditunggu
dtgkan,datangkan
dtinggl,ditinggal
dtnggu,ditunggu
dtunggu,ditunggu
dua2nya,dua-duanya
duanyaa,duanya
duetin,duet
duhh,duh
duhhh,duh
duhhhhh,duh
dulurrr,dulur
duluu,dulu
duluuu,dulu
dumsss,dong
dung,dong
dunk,dong
dureen,duren
durhaka2,durhaka-durhaka
duuhh,duh
duuhhh,duh
duuhhhhh,duh
duuuhh,duh
duuuhhh,duh
dwh,deh
dwsa,dewasa
dy,dia
dya,dia
ea,ya
eakyu,waktu
edaaaan,edan
edaaan,edan
edaaann,edan
edannn,edan
editannn,editan
eeeeh,eh
eeeehhhh,eh
eehhh,eh
eey,eh
ehh,eh
ehhh,eh
eksprsi,ekspresi
elaaaahhhh,alah
elahh,alah
elo,lo
elo2,lo-lo
eloo,lo
elu,lu
elus2,elus-elus
ema,emak
emak2,emak-emak
emakx,emaknya
emang,memang
emangnya,memangnya
emank,memang
emeessss,gemas
emeezzz,gemas
emeshh,gemas
emesshhh,gemas
emessss,gemas
emg,memang
emk,emak
emng,memang
emngnya,memangnya
emnknya,memangnya
enakkkkk,enak
engga",tidak-tidak
engga,tidak
engk,tidak
enk,enak
entahhh,entah
entr,entar
epe,apa
euyyyyy,euy
expresi,ekspresi
eyke,aku
fakta2,fakta-fakta
fakultass,fakultas
fans,fan
fans2,fan-fan
fatanik,fanatik
fav,favorit
favoriteeee,favorit
feb,februari
fhoto,foto
fhotonya,fotonya
fi,di
fikiran,pikiran
fillm,film
filmny,filmnya
flim.a,filmnya
flm,film
FOLLOW? MY IG: @algaeslovania_premiumskincare1  WA:081210238087",abreviasi
FOLLOW? MY IG: @algaeslovania_premiumskincare1  WA:081210238087",anaptiksis
FOLLOW? MY IG: @algaeslovania_premiumskincare1  WA:081210238087",homofon
FOLLOW? MY IG: @algaeslovania_premiumskincare1  WA:081210238087",modifikasi vokal
FOLLOW? MY IG: @algaeslovania_premiumskincare1  WA:081210238087",monoftongisasi
FOLLOW? MY IG: @algaeslovania_premiumskincare1  WA:081210238087",reduplikasi
FOLLOW? MY IG: @algaeslovania_premiumskincare1  WA:081210238087",zeroisasi
fotbar,foto bareng
foto",foto-foto
foto2,foto-foto
foto2nya,foto-fotonya
fotoin,memfoto
fotony,fotonya
frestasiii,prestasi
fto,foto
fto2,foto-foto
g,tidak
ga,tidak
gaa,tidak
gaada,tidak ada
gabakal,tidak bakal
gabisa,tidak bisa
gada,tidak ada
gadiss,gadis
gag,tidak
gagahx,gagahnya
gaharus,tidak harus
gaje,tidak jelas
gajelas,tidak jelas
gak,tidak
gakk,tidak
gakkk,tidak
gakpapa,tidak apa-apa
gakuat,tidak kuat
gakusah,tidak usah
gakwad,tidak kuat
gamau,tidak mau
gambarin,gambarkan
gangguin,mengganggu
gans,ganteng
ganteeeeng,ganteng
ganteng2,ganteng-ganteng
gantengg,ganteng
gantenggg,ganteng
gantengkuuuuuu,gantengku
gantengnyaaaa,gantengnya
ganteung,ganteng
gantheng,ganteng
gantiin,menggantikan
ganti'kn,menggantikan
gantng,ganteng
gantweng,ganteng
gapake,tidak pakai
gapap,tidak apa-apa
gapernah,tidak pernah
gaprgi,tidak pergi
gapunya,tidak punya
gara",gara-gara
gara'',gara-gara
gara2,gara-gara
garemin,garami
garuk2,garuk-garuk
gasalah,tidak salah
gasih,tidak sih
gatau,tidak tau
gataunya,tidak taunya
gausa,tidak usah
gausah,tidak usah
gawl,gaul
gawul,gaul
gayannxa,gayanya
gayany,gayanya
gayax,gayanya
gbs,tidak bisa
gda,tidak ada
gde,gede
gebleg,geblek
gedeg,gedek
geeelaakk,gila
geetoo,begitu
gegra,gegara
geh,gih
gehh,gih
gemay,gemas
gemeeezzzz,gemas
gemeessss,gemas
gemes,gemas
gemesiin,menggemaskan
gemesin,menggemaskan
gemesinnnnn,menggemaskan
gemesnya,gemasnya
gemess,gemas
gemesshh,gemas
gemesshzzzzhzzhzhzhsjssjs,gemas
gemesss,gemas
gemesyak,gemas ya
gemez,gemas
gemezz,gemas
gemezzzz,gemas
gemmeeezzz,gemas
genduut,gendut
geneeee,begini
genggg,geng
genittt,genit
geuliiiiiiis,geulis
gewlaaaaa,gila
gg,tidak
gga,tidak
giitu,begitu
gilaa,gila
gilaaa,gila
gilaaaa,gila
gilaaaaaa,gila
gilak,gila
gilakkk,gila
gilakkkkk,gila
gilakkkkkk,gila
gile,gila
gils,gila
gilsss,gila
gilzz,gila
gimana,bagaimana
gimanaa,bagaimana
gimanaaaa,bagaimana
gimn,bagaimana
gimna,bagaimana
gingsungny,gingsulnya
gini,begini
ginian,beginian
ginii,begini
giniii,begini
giniin,beginikan
ginting,ganteng
giti,begitu
gitu,begitu
gitu2,begitu-gitu
gituan,begituan
gituh,begitu
gituin,begitukan
gitulah,begitulah
gituu,begitu
gituuu,begitu
gituuuuu,begitu
gk,tidak
gkhianati,mengkhianati
gkk,tidak
gkkan,tidak akan
gksalah,tidak salah
gksi,tidak sih
glembeeeer,gelambir
gmana,bagaimana
gmanapun,bagaimanapun
gmau,tidak mau
gmn,bagaimana
gmna,bagaimana
gmpg,gampang
gn,begini
gndakan,gandakan
gni,begini
gnii,begini
gnti,ganti
gnyngka,tidak menyangka
goblokkk,goblok
gokiiill,gila
gokil,gila
gokill,gila
gokilll,gila
gokillllll,gila
gokilnya,gilanya
goncengin,boncengkan
gosipin,menggosipkan
gossip2.an,gosip-gosipan
gpp,tidak apa-apa
gr2,gara-gara
gra2,gara-gara
graaatiiiis,gratis
gratiss,gratis
gratisss,gratis
greged,greget
grgr,gara-gara
grunya,gurunya
gt,begitu
gtau,tidak tau
gthu,begitu
gtu",begitu-gitu
gtu"an,begitu-gituan
gtu,begitu
gtu2,begitu-gitu
gtuh,begitu
gtuu,begitu
gtw,tidak tau
guaa,gua
guaaaaaaa,gua
guanteng,ganteng
guee,gue
gueee,gue
gueeeee,gue
gunaa,guna
guw,gue
gw,gue
gx,tidak
gya,gaya
hadapin,menghadapi
haddeh,aduh
hadeeehhh,aduh
hadeehh,aduh
hadeeuh,aduh
hadeuh,aduh
hadeuuh,aduh
hadeuuhhhh,aduh
hadirr,hadir
hadirrr,hadir
haduh,aduh
haduuuh,aduh
haii,hai
haiii,hai
hal2,hal-hal
halahh,alah
halangin,halangi
halllo,halo
hallo,halo
hallooo,halo
halooo,halo
halow,halo
hampasss,hempas
hancurin,menghancurkan
hancuuuuuy,hancur
happi",hepi-hepi
hapusin,hapuskan
haragain,menghargai
hargs,harga
hari2,hari-hari
haru,harus
hasilnyaaa,hasilnya
haslnya,hasilnya
hat,hati
hati",hati-hati
hati.a,hatinya
hati2,hati-hati
hatii,hati
hatiiii,hati
hay,hai
hayal,khayal
hayalanku,khayalanku
hayooo,hayo
hayukk,hayo
hayuu,hayo
hbis,habis
hbs,habis
hdk,hendak
hdp,hidup
hdpn,hadapan
hdpnya,hidupnya
hdup,hidup
hebaat,hebat
hebatt,hebat
hedeuuhh,aduh
heeee,hai
hehh,eh
heii,hai
helloo,halo
hellooooooo,halo
helo,halo
helooooo,halo
hematt,hemat
hempaass,hempas
hgga,hingga
hianatin,khianati
hidiyah,hidayah
hiduppp,hidup
hidupppp,hidup
hidupx,hidupnya
hiduupppp,hidup
hiii,hai
hijaabbb,hijab
hijabb,hijab
hijap,hijab
hilangin,menghilangkan
hilangv,hilang
himana,bagaimana
hiraukn,hiraukan
hiri,hari
hmpir,hampir
hndak,hendak
hndk,hendak
hngga,hingga
hny,hanya
hnya,hanya
hokiii,hoki
hotak,botak
hotx,hotnya
hpus,hapus
hr,hari
hri,hari
hrs,harus
hrsny,harusny
hrsnya,harusnya
hrus,harus
hrusnya,harusnya
hslnya,hasilnya
ht,hati
hub,hubungan
hub,hubungi
hub,menghubungi
hubngan,hubungan
hubunggi,hubungi
hujatann,hujatan
hy,hai
iaa,iya
iaa,ya
ibliss,iblis
ibu2,ibu-ibu
ibuk2,ibu-ibu
idamann,idaman
idolaa,idola
idoolaaa,idola
idung,hidung
idungnya,hidungnya
idup,hidup
idupnya,hidupnya
igtlah,ingatlah
ihh,ih
ihhh,ih
ihhhh,ih
ihhhhh,ih
iih,ih
iihh,ih
iiih,ih
iiihh,ih
iiihhhh,ih
iiihhhhh,ih
iiii,ih
iiiihhhhhj,ih
iiiiiiiii,ih
iiiiiiiiii,ih
ijap,ijab
ikh,ih
ikut2,ikut-ikut
ikut2an,ikut-ikutan
ikutin,ikuti
ikutin,mengikuti
ilang",hilang-hilang
ilang,hilang
ilang2,hilang-hilang
ilang2an,hilang-hilangan
ilang-in,hilangkan
ilmh,ilmu
imoet,imut
imut2,imut-imut
imutt,imut
imutttttt,imut
imuttzz,imut
imuutt,imut
imuuttt,imut
in,ini
indahhh,indah
indefendet,independen
indo,indonesia
indoneaia,indonesia
indonesiaaa,indonesia
indonesiaah,indonesia
infpyunnnn,ampun
ingeet,ingat
inget,ingat
ingetin,mengingatkan
inggat,ingat
inggrisny,inggrisnya
inghinn,ingin
ingi,ingin
inginkn,inginkan
ingt,ingat
inia,ini
iniehh,ini
inih,ini
inihhh,ini
inii,ini
iniii,ini
iniiiii,ini
iniiiiiiiiiiiiiii,ini
iniw,ini
inni,ini
insonniaaa,insomnia
iooo,lo
iriiiii,iri
iseng2,iseng-iseng
istimewaaa,istimewa
istiqamah,istikamah
istiqomah,istikamah
istiqomahhh,istikamah
it,itu
ithu,itu
ituh,itu
itumahh,itumah
itungan,hitungan
ituu,itu
ituuu,itu
ituuuu,itu
ityl,itil
iu,itu
iy,iya
iyaa,iya
iyaaa,iya
iyaaaa,iya
iyaap,iya
iyaappps,iya
iyah,iya
iyak,iya
iyap,iya
iyh,iya
iyha,iya
iyuh,ih
iyuuhhh,ih
iyuuuhhhh,ih
j,saja
ja,saja
jaaangan,jangan
jaadii,jadi
jadii,jadi
jadiin,jadikan
jadilh,jadilah
jadu,jadi
jadulnya,jaman dulunya
jagain,jaga
jagain,menjaga
jahatin,menjahati
jakety,jaketnya
jalan"nya,jalan-jalannya
jalan2,jalan-jalan
jalanani,menjalani
jalanin,menjalani
jamam,jaman
jaman2,jaman-jaman
jaman2nya,jaman-jamannya
jan,jangan
jangan",jangan-jangan
jangan2,jangan-jangan
janjutin,lanjutkan
janka,jangka
jaoooh,jauh
jari2,jari-jari
jatoh,jatuh
jatuhnyaa,jatuhnya
jauhh,jauh
jauhhh,jauh
jauhin,jauhi
jauuhhh,jauh
jawabanny,jawabannya
Jd nanti kamu transfer uang ke sy 200rb, itu kamu udah dpt kontak agen dgn paket lengkap bgt. Ada pin konveksi (kontak bbm agen)
jd,jadi
jdi,jadi
jdii,jadi
jdulnya,judulnya
jdwl,jadwal
jd'y,jadinya
jelas",jelas-jelas
jelas2,jelas-jelas
jelase,jelas
jelashh,jelas
jelasssss,jelas
jelek"in,menjelek-jelekkan
jelek2,jelek-jelek
jelekin,menjelekkan
jelex,jelek
jels,jelas
jendes,janda
jendess,janda
jendesss,janda
jendral,jenderal
jeniuss,jenius
jerewi,jerawat
jg,juga
jga,juga
jgan,jangan
jgk,juga
jgn,jangan
jgn2,jangan-jangan
jh,saja
jidad,jidat
jilbabny,jilbabnya
jilbabnyaah,jilbabnya
jilbabnye,jilbabnya
jilbb,jilbab
jing,anjing
jirr,anjir
jirrrr,anjir
jjur,jujur
jk,jika
jkrta,jakarta
jkt,jakarta
jlbb,jilbab
jlek,jelek
jln,jalan
jln2,jalan-jalan
jls2,jelas-jelas
jmnya,jamnya
jmpaaaa,jumpa
jnagn,jangan
jnda,janda
jng,jangan
jngan,jangan
jngn,jangan
jngnn,jangan
jodohny,jodohnya
jodohx,jodohnya
jogetin,berjoget
jombsss,jomblo
jorokkkk,jorok
jorookknya,joroknya
jrang,jarang
jrnk,jarang
jt,juta
judulnyaa,judulnya
jugaa,juga
jugaaa,juga
jugaakk,juga
jugak,juga
jungkiir,jungkir
justeru,justru
jwab,jawab
jwb,jawab
jwban,jawaban
k,kak
k',kak
k,ke
ka,kak
kaa,kak
kaaa,kak
kaaaa,kak
kaaaaa,kak
kaaaaaaaaaakkkkkkkkkkk,kak
kaaaaaann,kan
kaaakk,kak
kaaan,kan
kaak,kak
kaakaaaa,kakak
kaakk,kak
kaan,kan
kaannnn,kan
kaasian,kasihan
kacauuuu,kacau
kacian,kasihan
kaciiaann,kasihan
kafeh,kafe
kaga,kagak
kageeet,kaget
kageet,kaget
kaitannha,kaitannya
kaj,kak
kaka,kakak
kakakaaaaaaaaaaaaaa,kakak
kakakgh,kakak
kakakkk,kakak
kakakny,kakaknya
kakakuuu,kakakku
kakanga,kakaknya
kakanya,kakaknya
kakau,kalau
kakk,kak
kakk,kakak
kakkk,kak
kakkkk,kak
kakkkkk,kak
kalahnye,kalahnya
kale,kali
kaleee,kali
kaliaan,kalian
kaliann,kalian
kaliannn,kalian
kaliannnnnm,kalian
kaliannnnnn,kalian
kaliannnnnnn,kalian
kalii,kali
kaliii,kali
kaliiii,kali
kaliiiiiii,kali
kaliiin,kalian
kalik,kali
kalli,kali
kallo,kalau
kalo,kalau
kalogak,kalau tidak
kalok,kalau
kaloo,kalau
kalu,kalau
kalw,kalau
kam,kamu
kamiiii,kami
kamo,kamu
kampungn,kampungan
kamu2,kamu-kamu
kamunyaa,kamunya
kamuu,kamu
kamuuuu,kamu
kamyuhhh,kamu
kana,kanan
kanapa,kenapa
kancang,kencang
kangeeeeeeeeeeennnnn,kangen
kangeeeeeeeeennnnnnnn,kangen
kangeeeeeeeenya,kangen
kangeeeeennn,kangen
kangeeeennn,kangen
kangeeeennnnn,kangen
kangeeerrn,kangen
kangeen,kangen
kangeenn,kangen
kangem,kangen
kangenn,kangen
kangennn,kangen
kangennnn,kangen
kangennnnn,kangen
kangennnnnmnnnnnnnnnnnnnnnnn,kangen
kangennnnnn,kangen
kangennnnnnn,kangen
kangennnnnnnnnnnnnnnn,kangen
kanggen,kangen
kanggggg,kang
kann,kan
kannn,kan
kapaan,kapan
kapan2,kapan-kapan
kapn,kapan
kareno,karena
karir.a,karirnya
karmaaa,karma
karna,karena
kartunin,kartun
karya",karya-karya
karya2,karya-karya
kasar2,kasar-kasar
kasi,kasih
kasiaannn,kasihan
kasian,kasihan
kasiannn,kasihan
kasiatnya,khasiatnya
kasihn,kasihan
kasiian,kasihan
kata",kata-kata
kata2,kata-kata
kata2nya,kata-katanya
kata2nyaaa,kata-katanya
katanyaa,katanya
kate,kata
kauuuu,kau
kawinin,mengawini
kaya,kayak
kayaa,kaya
kaya'a,kayanya
kayahhh,kaya
kayakk,kayak
kayanye,kayanya
kayaq,kayak
kayax,kayak
kbahagiaan,kebahagiaan
kbawa,terbawa
kberkahn,keberkahan
kbetulan,kebetulan
kbiasaan,kebiasaan
kcantikan,kecantikan
kcewa,kecewa
kcil,kecil
kcwa,kecewa
kdang,kadang
kdg,kadang
kdg2,kadang-kadang
kdng,kadang
kdua,kedua
keak,kayak
kebagi,terbagi
kebaikan"y,kebaikannya
kebalas,terbalas
kebangetak,kebangetan
kebanggan,kebanggaan
kebarat2an,kebarat-baratan
kebawa,terbawa
kebayang,terbayang
kebayanyaa,kebayanya
keberpa,keberapa
kebnyak'an,kebanyakan
kebongkar,terbongkar
kebukaaa,terbuka
kebukti,terbukti
kebykan,kebanyakan
kecantikanga,kecantikannya
kece2,kece-kece
keceee,kece
keche,kece
keciil,kecil
keciill,kecil
kecik,kecil
kecil",kecil-kecil
kecptan,kecepatan
kecr,kece
kedengeran,kedengaran
kedokk,kedok
kedpan,kedepan
keduaa,kedua
keedaannya,keadaannya
keee,ke
keeeeeren,keren
keeeerrrreeeennnnnnnnn,keren
keinget,teringat
kejadianny,kejadiannya
kejahatn,kejahatan
kejawab,terjawab
kejuu,keju
kek,kayak
kekgini,kayak begini
kekk,kayak
keknya,kayaknya
kekuranganny,kekurangannya
kel,keluarga
kelahuran,kelahiran
kelaluan,kelakuan
kelas'a,kelasnya
keles,kali
keliatan,kelihatan
keliatannya,kelihatannya
kellen,kalian
keluarin,keluarkan
keluarin,mengeluarkan
kelus,kali
kemakan,termakan
kemaren,kemarin
kemariin,kemarin
kemarn,kemarin
kembaq,kembar
kemn,kemana
kemuh,kamu
kenaliiin,kenalkan
kenalin,kenalkan
kenalin,memperkenalkan
kenalin,mengenalkan
kenapaa,kenapa
kenape,kenapa
kenceng,kencang
kencng,kencang
kencqng,kencang
kenyataan2,kenyataan-kenyataan
kepad,kepada
kepd,kepada
kepda,kepada
kepeleset,kepleset
kepelesett,terpeleset
kepikir,terpikir
kepingin,pengin
kepoh,kepo
kepoin,kepo
kepoin,kepoi
kepoin,mengepoi
kepppoin,kepoi
keputihn,keputihan
keq,kayak
keq,kek
kerasin,kerasi
kerass,keras
kereeeeen,keren
kereeeeennn,keren
kereeeeennnn,keren
kereeeen,keren
kereeen,keren
kereeennnn,keren
kereen,keren
kereenn,keren
kereennn,keren
keren",keren-keren
keren2,keren-keren
kerenn,keren
kerennn,keren
kerennnn,keren
kerennnnn,keren
kerjaan,pekerjaan
kerreeen,keren
kerrennn,keren
kerrrrennnn,keren
kesalahanny,kesalahannya
kesampean,kesampaian
kesinii,kesini
kesiniii,kesini
ketaatanny,ketaatannya
ketara,tertara
ketarik,tertarik
ketauan,ketahuan
ketawaa,ketawa
ketawain,mentertawakan
ketawakkkk,ketawa
ketemuin,ketemu
ketemuuu,ketemu
ketipu,tertipu
ketuker,tertukar
kgak,kagak
kgeeeen,kangen
kgn,kangen
kh,kah
kha,kah
khadiran,kehadiran
khadirannya,kehadirannya
khan,kan
kharismanya,karismanya
khdpn,kehidupan
khidupan,kehidupan
kira2,kira-kira
kirain,mengira
kiriii,kiri
kirimin,mengirimi
kitaa,kita
kitaaa,kita
kite,kita
kiya,kita
kk,kakak
kka,kakak
kkak,kakak
kki,kaki
kklau,kalau
kl,kalau
klahiran,kelahiran
klakuan,kelakuan
klas,kelas
klau,kalau
klauu,kalau
klen,kalian
klepek2,klepek-klepek
klg,keluarga
klhran,kelahiran
kli,kali
klian,kalian
kliatan,kelihatan
kliatanya,kelihatannya
klihatan,kelihatan
klk,kelak
klkuan,kelakuan
kll,kalau
klmbutan,kelembutan
kln,kalian
klo,kalau
klok,kalau
kloop,klop
klow,kalau
klrga,keluarga
klu,kalau
kluar,keluar
kluarga,keluarga
klw,kalau
km,kami
km,kamu
kmana,kemana
kmana2,kemana-mana
kmar,kamar
kmaren,kemarin
kmariiin,kemarin
kmarin,kemarin
kmauan,kemauan
kmbali,kembali
kmbang,kembang
kmbl,kembali
kmewahan,kemewahan
kmi,kami
kmn,kemana
kmren,kemarin
kmrin,kemarin
kmrn,kemarin
kmu,kamu
kn,kan
knan,kanan
kndung,kandung
kngen,kangen
kngenn,kangen
kngn,kangen
knl,kenal
knlan,kenalan
knp,kenapa
knpa,kenapa
knpp,kenapa
knsul,konsultasi
knyataan,kenyataan
ko,kok
kobul,kabul
kocaaaak,kocak
kocaaaakkk,kocak
kocakkk,kocak
kocakkkkkk,kocak
kocakkkkkkkkkkkkkk,kocak
koclak,kocak
kog,kok
kokkk,kok
kokohh,engkoh
komen2,komen-komen
komen2an,komen-komenan
komenan,komentar
komenannya,komentarnya
koment,komentar
komentar2,komentar-komentar
komentarin,komentari
komentarin,mengomentari
komentnya,komentarnya
komenx,komennya
komntr,komentar
komuk,muka
komunitas2,komunitas-komunitas
konsekwensi,konsekuensi
konsul,konsultasi
kontak2,kontak-kontak
konten2,konten-konten
koplak,kocak
koplakkk,koplak
koq,kok
korek2,korek-korek
kostom,kostum
kox,kok
kpada,kepada
kpan,kapan
kpancing,terpancing
kpd,kepada
kpleset,kepleset
kpn,kapan
kpn2,kapan-kapan
kpnpun,kapanpun
kpuasan,kepuasan
kq,kok
kqmu,kamu
kr,kira
kra,kira
kraya,karya
kreative,kreatif
kreean,keren
kreeenn,keren
kreen,keren
kren,keren
krena,karena
krenn,keren
kri,kiri
kriput,keriput
krjaan,pekerjaan
krm,kirim
krmh,ke rumah
krn,karena
krna,karena
krng,kurang
krpoooo,kepo
krudung,kerudung
krudungan,kerudungan
krus,kurus
krya,karya
ksenangan,kesenangan
ksh,kasih
ksih,kasih
ksini,kesini
ksitu,kesitu
kslahan,kesalahan
kslhn,kesalahan
ksni,kesini
ksukaanmuuu,kesukaanmu
ksyngn,kesayangan
kt,kita
kt2,kata-kata
kta,kata
kta,kita
ktaa,kita
ktaatan,ketaatan
ktanya,katanya
ktawa,ketawa
ktemu,ketemu
ktergantungan,ketergantungan
ktg,kita
ktika,ketika
ktmu,ketemu
ktny,katanya
ktnya,katanya
ktwa,ketawa
kuaaatt,kuat
kuatttt,kuat
kubarikan,kuberikan
kucing'y,kucingnya
kueren2,keren-keren
kuliyh,kuliah
kuninggg,kuning
kuningggg,kuning
kunjungin,kunjungi
kura2,kura-kura
kurangin,kurangi
kureeeen,keren
kurng,kurang
kusem,kusam
kususnya,khususnya
kutuu,kutu
kuu,ku
kuy,yuk
kuyy,yuk
kuyyy,yuk
kw,kau
kwatir,kawatir
kx,kak
ky,kaya
kya,kaya
kyak,kayak
kyaknya,kayaknya
kyanya,kayanya
kyax,kayak
kyk,kayak
kyk.a,kayaknya
kyknya,kayaknya
kyy,kaya
la,lah
laa,lah
laaaah,lah
ladenin,meladeni
laen,lain
laenny,lainnya
lafazd,lafaz
lagihh,lagi
lagii,lagi
lagiii,lagi
lagiiii,lagi
laginy,laginya
lagu2,lagu-lagu
lagu2nya,lagu-lagunya
lagu'y,lagunya
lahh,lah
lahhh,lah
lahhhhhh,lah
lahirr,lahir
lainnn,lain
lainnyaa,lainnya
lairannya,kelahirannya
laki",laki-laki
laki2,laki-laki
lakik,laki
laku",laku-laku
lakuin,melakukan
lama2,lama-lama
lancr,lancar
langgengggg,langgeng
langgenh,langgeng
lanjutin,lanjutkan
lanjutkaaaaan,lanjutkan
lapakk,lapak
latian,latihan
lau,kau
lawaaaas,lawas
lbh,lebih
lbih,lebih
lbihh,lebih
lcu,lucu
le,boleh
lebar2,lebar-lebar
lebayy,lebay
lebh,lebih
ledekin,ledeki
ledkin,meledeki
leh,boleh
lekong,laki
lengkapp,lengkap
lengkeeett,lengket
lenje,lenjeh
lepasin,melepas
lg,lagi
lggeng,langgeng
lggi,lagi
lgi,lagi
lgkah2,langkah-langkah
lgs,langsung
lgsg,langsung
lgsung,langsung
lgu,lagu
lgunya,lagunya
lh,boleh
lh,lah
lha,lah
lhat,lihat
lhir,lahir
lhirr,lahir
lhoo,loh
lhooo,loh
lht,lihat
liaat,lihat
liaatt,lihat
liad,lihat
liat,lihat
liat2,lihat-lihat
liatiii,lihat
liatin,memperlihatkan
liatin,perlihatkan
liatlah,lihatlah
liatnya,lihatnya
liatnyaaa,lihatnya
liatt,lihat
liattt,lihat
liat'y,lihatnya
lihaat,lihat
lihaatttt,lihat
liht,lihat
lipetan,lipatan
liptsk,lipstik
liyat,lihat
liyatnya,lihatnya
lkuin,lakukan
llki,lelaki
lluu,lu
lluuccuu,lucu
lma,lama
lngsing,langsing
lngsung,langsung
loe,lo
lohh,lo
lohh,loh
lohhh,loh
lohhhh,loh
loksyut,lokasi syuting
loncatt,loncat
loncattt,loncat
loo,lo
loo,loh
looh,loh
loohhh,loh
looo,loh
loooh,loh
looohh,loh
lsg,langsung
lt,lantai
lu,kamu
luaarrr,luar
luccu,lucu
luchu,lucu
luco,lucu
lucu2,lucu-lucu
lucuk,lucu
lucukkkkk,lucu
lucunaaa,lucunya
lucunyah,lucunya
lucuu,lucu
lucuukk,lucu
lucuuu,lucu
lucuuuk,lucu
lucuuuu,lucu
lucuuuuu,lucu
lucuuuuuuuu,lucu
lucuuuuuuuuuu,lucu
lucux,lucunya
luh,lu
luhhh,lu
lupain,melupakan
lurusin,meluruskan
luthuna,lucunya
lutu,lucu
lutuna,lucunya
lutunaa,lucunya
lutunaaa,lucunya
luu,lu
luucuuu,lucu
luuuaar,luar
luuuucuuu,lucu
lw,kalau
lw,lu
lwt,lewat
lyt,lihat
m,sama
ma,sama
maaasss,mas
maacih,terima kasih
maafin,memaafi
maak,mak
maap,maaf
maapin,maaf
maapin,maafi
maau,mau
maauuu,mau
macam2,macam-macam
macem,macam
macem2,macam-macam
maen,main
maenya,mainnya
mahall,mahal
mahh,mah
mahhhh,mah
maho,manusia homo
mai,mau
main2,main-main
majuuu,maju
makany,makanya
makanyaa,makanya
makasi,terima kasih
makasih,terima kasih
make,memakai
maki",maki-maki
makkk,mak
makny,maknya
maksain,memaksakan
maksd,maksud
maksih,terima kasih
maksir,menaksir
maksutku,maksudku
malangg,malang
malem,malam
males,malas
malh,malah
malingg,maling
malsudnya,maksudnya
malu2in,malu-malui
maluu,malu
maluuu,malu
maluuuu,malu
mama.nyy,mamanya
mamas,mas
mamax,mamanya
mamer,memamerkan
mampuussss,mampus
mampuuu,mampu
mancing2,memancing-mancing
mancungin,memancungkan
mandiin,memandikan
mang,memang
manisnyaaaa,manisnya
manisss,manis
manjain,memanjakan
mansetan,bermanset
mansyoallah,masyaallah
manta,mantan
mantaaap,mantap
mantaap,mantap
mantabb,mantab
mantabs,mantab
mantaff,mantap
mantanny,mantannya
mantapp,mantap
mantappp,mantap
mantapppppp,mantap
manteb,mantap
manteep,mantap
mantep,mantap
mantepp,mantap
manteppp,mantap
mantes,memantas
manusiy,manusia
mao,mau
marah2,marah-marah
marah2an,marah-marahan
marh,marah
martabakk,martabak
masa2,masa-masa
masaaaa,masa
masalahh,masalah
masi,masih
masing",masing-masing
masing2,masih
masing2,masing-masing
masio,masih
maslah,masalah
maso,masa
massss,mas
masukin,memasuki
masukin,memasukkan
masyaallahhh,masyaallah
masyarakay,masyarakat
matany,matanya
mataq,mataku
mata'y,matanya
mateeeeeeeeeeee,mati
mateeeek,mati
mati"an,mati-matian
matii,mati
mato,mata
mattihhh,mati
mauu,mau
mauuu,mau
mauuuu,mau
mauuuuu,mau
mauuuuuu,mau
mauuuuuuu,mau
maw,mau
may,mau
mayan,lumayan
mayann,lumayan
mb,mbak
mba",mbak-mbak
mba,mbak
mbaa,mbak
mbaaa,mbak
mbaaahhh,mbah
mbaaass,mbak
mbaak,mbak
mbaakk,mbak
mbahh,mbah
mbak",mbak-mbak
mbak2,mbak-mbak
mbaknyaahh,mbaknya
mbakx,mbaknya
mbanya,mbaknya
mbg,mbak
mbil,sambil
mbk,mbak
mblo,jomblo
mblooo,jomblo
mboizzz,bois
mbuh,embuh
mcm,macam
mdh",mudah-mudah
mdh2an,mudah-mudahan
mdh2n,mudah-mudahan
megang,memegang
mehoonggggg,mahal
meker,mikir
melahirin,melahirkan
melakukn,melakukan
melebihin,melebihi
melihara,memelihara
meluk,memeluk
membanding",membanding-banding
menasehati,menasihati
menbelah,membelah
mendam,memendam
mendapatkn,mendapatkan
mendj,menjadi
menegerti,mengerti
mengait2kan,mengait-ngaitkan
mengalahkn,mengalahkan
mengherthii,mengerti
menghilangkn,menghilangkan
mengikutii,mengikuti
mengirusi,mengurusi
mengncang,mengencang
mengperbolehkan,memperbolehkan
menjdi,menjadi
menjelekan,menjelekkan
mentah",mentah-mentah
mentang",mentang-mentang
menurur,menurut
menyebut2,menyebut-nyebut
menyenangkn,menyenangkan
meranin,memerankan
mereka2,mereka-mereka
merekaa,mereka
merekaaaa,mereka
merekak,mereka
meriahh,meriah
merindinggg,merinding
merka,mereka
merrid,merit
mesrany,mesranya
met,selamat
mf,maaf
mff,maaf
mg,moga
mgk,mungkin
mgkin,mungkin
mgkn,mungkin
mh,mah
miara,memiara
mikir2,memikir-mikir
mikirin,memikirkan
mikirinnn,memikirkan
milih,memilih
milikin,memiliki
mimin,admin
mimpiii,mimpi
minpi,mimpi
minta,meminta
mintk,minta
minyak"an,minyak-minyakan
miriiiiip,mirip
miriiiip,mirip
miriiippp,mirip
miriip,mirip
miring2,miring-miring
miriplahhhhhh,miriplah
miripp,mirip
mirippp,mirip
miripppp,mirip
mirp,mirip
mitnah,memfitnah
mk,maka
mk.a,makanya
mkanya,makanya
mkin,makin
mkir,memikir
mkn,makin
mknya,makanya
mksd,maksud
mksdku,maksudku
mksdny,maksudnya
mksdnya,maksudnya
mksdx,maksudnya
mksh,terima kasih
mksih,terima kasih
mkst,maksud
mksud,maksud
mlah,malah
mlepaskan,melepaskan
mlh,malah
mlikk,milik
mlm,malam
mlt.a,mulutnya
mlu,malu
mlu,melulu
mlz,malas
mmang,memang
mmbanggakan,membanggakan
mmbela,membela
mmberi,memberi
mmberikan,memberikan
mmberikn,memberikan
mmbodohkan,membodohkan
mmg,memang
mmperbaiki,memperbaiki
mmz,mas
mn,mana
mna,mana
mnambh,menambah
mncoba,mencoba
mndaptkan,mendapatkan
mnding,mending
mndpat,mendapat
mndpt,mendapat
mnerima,menerima
mngasi,mengasih
mngerti,mengerti
mnghina,menghina
mngikuti,mengikuti
mngira,mengira
mngkannya,mangkanya
mngkin,mungkin
mnilai,menilai
mnis2nya,manis-manisnya
mnisss,manis
mnjadi,menjadi
mnjawab,menjawab
mnjdi,menjadi
mnjdkan,menjadikan
mnjijikaaaaaan,menjijikkan
mnjmput,menjemput
mnjual,menjual
mnrtkuu,menurutku
mnt,minta
mnta,minta
mntn,mantan
mnusuk,menusuk
mnutup,menutup
mo,mau
model2,model-model
modes,modis
mohom,mohon
moqa,moga
motret,memotret
mrah,marah
mrangkul,merangkul
mreka,mereka
mrekaa,mereka
mrekaaaa,mereka
mrip,mirip
mrit,merit
mrk,mereka
mrka,mereka
mrnghadapi,menghadapi
mrusak,merusak
ms",masa-masa
ms,masih
msa,masa
msalah,masalah
msg2,masing-masing
msh,masih
msih,masih
msk,masuk
mskasih,terima kasih
msknya,masaknya
mslh,masalah
mslhnya,masalahnya
mst,mesti
msuk,masuk
mtanya,matanya
mti,mati
mualll,mual
muantaap,mantap
muantteepp,mantap
mudaa,muda
mudah"an,mudah-mudahan
mudah"n,mudah-mudahan
mudah2,mudah-mudah
mudah2an,mudah-mudahan
mudah2n,mudah-mudahan
mudh"an,mudah-mudahan
muga,moga
muka",muka-muka
muka2,muka-muka
mukae,mukanya
mukanyaa,mukanya
mukax,mukanya
muke,muka
muliany,mulianya
mulusssss,mulus
mulut2,mulut-mulut
mulutny,mulutnya
mulutnyaaa,mulutnya
muluuu,melulu
muna,munafik
munaafikk,munafik
munafikk,munafik
mungki,mungkin
mungkiin,mungkin
mupeng,muka pengin
muraaaaah,murah
murahhh,murah
murhan,murahan
murmer,murah meriah
mutihin,memutihkan
mutuain,memutuskan
mutusin,memutuskan
muuuu,mu
mw,mau
mz,mas
na,nya
naaaa,nya
naaaaahh,nah
naaaak,nak
naaahhh,nah
naek,naik
nafass,nafas
nafkahin,menafkahi
naggung,menanggung
nagiss,menangis
nahan,menahan
nahannnn,tahan
nahh,nah
nahhh,nah
najiss,najis
naka,nakal
naksir,menaksir
nakutin,menakutkan
nama",nama-nama
nama.a,namanya
namain,menamai
namain,namai
nama'in,namai
namany,namanya
namax,namanya
nambah,bertambah
nambah,menambah
nambahh,bertambah
namnya,namanya
nampak,menampak
nampar,menampar
nanget,banget
nanggepin,menanggapi
nangiiiiis,menangis
nangiiis,menangis
nangiis,menangis
nangis",menangis-nangis
nangis,menangis
nangiss,menangis
nangisss,menangis
nantangin,menantang
nantii,nanti
nantiii,nanti
nantik,nanti
nanya,bertanya
nanya,tanya
napa,kenapa
napsuu,napsu
nari,menari
narik,menarik
nasehatin,menasihati
natap,menatap
naturalllll,natural
nawarin,menawari
ncek,encek
nd,indak
nda,indak
ndak,indak
ndukung,mendukung
ndut,gendut
ne,ini
nee,ini
negri,negeri
neh,nih
neko2,neko-neko
nembak,menembak
nempel,menempel
nemuin,menemukan
nenek",nenek-nenek
nenek2,nenek-nenek
nengok,menengok
nentuin,menentukan
nerawang,menerawang
nerima,menerima
nerusin,meneruskan
netaas,menetas
netes,menetes
nga,tidak
ngaca,mengaca
ngacaaa,mengaca
ngaco,mengaco
ngadain,mengadakan
ngademin,mengademkan
ngadu,mengadu
ngajak,mengajak
ngajar,mengajar
ngajarin,mengajari
ngaji,mengaji
ngajuin,mengajukan
ngak,tidak
ngakaaaakkk,mengakak
ngakak,mengakak
ngakakkk,mengakak
ngaku",mengaku-ngaku
ngaku,mengaku
ngalah,mengalah
ngalahin,mengalahkan
ngalir,mengalir
ngalirrrrr,mengalir
ngamatin,mengamati
ngambek,mengambek
ngambekan,ambekan
ngambeknya,mengambeknya
nganbek,mengambek
nganggepin,menanggapi
ngantar,mengantar
nganteng,ganteng
nganterin,mengantarkan
ngantri,mengantri
ngapain,mengapa
ngapain,mengapai
ngapasih,mengapa sih
ngapus,menghapus
ngarang,mengarang
ngarep,mengharap
ngareppppp,mengharap
ngarsipin,mengarsipkan
ngasi,mengasih
ngasih,mengasih
ngasih2,mengasih-ngasih
ngata2in,mengatai-ngatai
ngata2in,mengata-ngatai
ngatai,mengatai
ngatain,mengatai
ngatur,mengatur
ngayal,mengkhayal
ngcpin,mengucapkan
ngebala,bala
ngebales,membalas
ngebantu,membantu
ngebedain,membedakan
ngebela,membela
ngebelain,membela
ngebenci,membenci
ngebiarin,membiarkan
ngebolehin,membolehkan
ngebuktiin,membuktikan
ngecek,mengecek
nged,banget
ngeditnya,mengeditnya
ngedukung,mendukung
ngefans,fan
ngegampar,menggampar
ngegantiin,menggantikan
ngegemesin,menggemaskan
ngegmesin,menggemaskan
ngeh,engah
ngehakimi,menghakimi
ngehancurin,menghancurkan
ngehina,menghina
ngehujat,menghujat
ngeidealin,mengidealkan
ngejatuhin,manjatuhkan
ngejelek,menjelekkan
ngejelek2in,menjelek-jelekkan
ngejilat,menjilat
ngejuangin,memperjuangkan
ngekeh,kekeh
ngekek,mengekek
ngelahirin,melahirkan
ngelakuin,melakukan
ngelaporin,melaporkan
ngelarang,melarang
ngelawak,melawak
ngelawan,melawan
ngelewati,melewati
ngeliat,melihat
ngeliatin,melihati
ngeliatnya,melihatnya
ngelihat,melihat
ngelihatnya,melihatnya
ngeluarin,mengeluarkan
ngelucu,melucu
ngembali,kembali
ngemeng,mengomong
ngepake',memakai
ngepoin,mengepoi
ngerampas,merampas
ngerasa,merasa
ngerasain,merasai
ngerayain,merayakan
ngerebut",merebut-rebut
ngerebut,merebut
ngerendahin,merendahkan
ngerespon,merespons
ngeri2,ngeri-ngeri
ngerii,ngeri
ngeriiiiii,ngeri
ngerrrriiii,ngeri
ngerti,mengerti
ngertii,mengerti
ngertiin,mengerti
ngerussak,merusak
ngeselin,mengesalkan
nget,banget
ngetik,mengetik
ngets,banget
ngetsz,banget
ngettt,banget
ngeuh,engah
ngfans,fan
ngg,tidak
ngga,tidak
nggak,tidak
nggali,menggali
nggeh,engah
ngggk,tidak
nggk,tidak
ngidam,mengidam
ngikutin,mengikuti
ngilang,menghilang
ngilangin,menghilangkan
ngilerrrr,mengiler
ngimpi,mimpi
ngingetin,mengingatkan
nginjek,menginjak
ngintilin,mengintil
ngintip,mengintip
ngiri,mengiri
ngiriii,mengiri
ngirim,mengirim
ngiringan,mengiringi
ngiritya,mengiritnya
ngitem,menghitam
ngk,tidak
ngkkkkkk,mengakak
ngmg,mengomong
ngmgin,mengomongkan
ngmng,mengomong
ngmngin,mengomongkan
ngmngnya,mengomongnya
ngobrol,mengobrol
ngoceh,mengoceh
ngocok,mengocok
ngolokin,mengolok
ngom,mengomong
ngomen,mengomentari
ngomenin,mengomentari
ngomentarin,mengomentari
ngomentnya,mengomentarinya
ngomng,mengomong
ngomomg,mengomong
ngomong",ngomong-ngomong
ngomong,mengomong
ngomongin,mengomongkan
ngomongnya,mengomongnya
ngorbanin,mengorbankan
ngp,mengapa
ngrasain,merasai
ngrebut,merebut
ngri,negeri
ngriii,mengiri
ngrti,mengerti
ngrusak,merusak
ngrusin,mengurusi
ngtain,mengatai
ngtif,negatif
nguburin,menguburkan
ngucapin,mengucapkan
ngulangin,mengulangi
ngumbar,mengumbar
ngumbar2,mengumbar-umbar
ngumpat2,mengumpat-ngumpat
ngumpet",mengumpet-ngumpet
ngumung,mengomong
ngungkit2,mengungkit-ungkit
ngurus,mengurus
ngurusan,mengurusi
ngurusin,mengurus
ngurusin,mengurusi
nh,nih
nha,nya
ni,ini
ni,nih
nich,nih
nie,ini
nie,nih
nih2,nih-nih
nihh,nih
nihhh,nih
nii,ini
niih,nih
niihh,nih
niiih,nih
niiihh,nih
niiiihh,nih
nikaah,nikah
nikahin,menikahi
nikmatin,menikmati
nilai2,nilai-nilai
nimpuk,menimpuk
ninggalin,meninggalkan
ninggiin,meninggikan
niru,meniru
niyyyyhhhh,nih
njay,anjay
njayyy,anjay
njerr,anjir
njiirr,anjir
njir,anjir
njirr,anjir
njirrr,anjir
njrittt,anjir
nm,nama
nmbah,bertambah
nmbah,menambah
nmbk,menembak
nmnya,namanya
nmpk,nampak
nmr,nomor
nnt,nanti
nnti,nanti
nntn,menonton
nnton,menonton
nobar,menonton bareng
nolongin,menolong
nonton,menonton
nontonnnn,menonton
nontonny,menontonnya
nontonx,menontonnya
nontonya,menontonnya
nontoonnn,menonton
novembr,november
nraktir,mentraktir
nrka,neraka
nt,nanti
ntab,mantab
ntaf,mantap
ntah,entah
ntap,mantap
ntappp,mantap
ntapsss,mantap
ntar,entar
nti,nanti
ntik,cantik
ntikk,cantik
ntn,menonton
nton,menonton
ntr,entar
nuduh,menuduh
nulis,menulis
nunduk,menunduk
nunggu,menunggu
nungguin,menunggu
nuntut,menuntut
nusuk,menusuk
nutup"in,menutup-nutupi
nutupin,menutupi
ny,nya
nya,ya
nyaa,nya
nyaaa,nya
nyaaaa,nya
nyaaaaaaa,nya
nyaaaaaaaaa,nya
nyaaaaaaaaaaaaa,nya
nyadar,menyadar
nyadar,menyadari
nyadar,sadar
nyah,nya
nyakitin,menyakiti
nyalahin,menyalahkan
nyamain,menyamakan
nyambet,menyambat
nyambung,menyambung
nyambungin,menyambung
nyampah,menyampah
nyampe,sampai
nyampein,menyampaikan
nyampenya,sampainya
nyangka,menyangka
nyangkaa,menyangka
nyangkutnya,menyangkutnya
nyanyiin,menyanyi
nyanyiin,menyanyikan
nyanyiin,nyanyikan
nyaranin,menyarani
nyaranin,menyarankan
nyari,mencari
nyaru,menyaru
nyatakan,menyatakan
nyatok,mencatok
nyebelin,menyebalkan
nyebur,mencebur
nyebut2,menyebut-nyebut
nyebutin,menyebutkan
nyela,mencela
nyelesain,menyelesaikan
nyempetin,menyempatkan
nyender,menyandar
nyenengin,menyenangkan
nyengir,menyengir
nyeniii,menyeni
nyeplak,menjiplak
nyerang,menyerang
nyerocooooos,mencerocos
nyerocos,mencerocos
nyesek,menyesak
nyesel,menyesal
nyesell,menyesal
nyet,monyet
nyia2in,menyia-nyiakan
nyimak,menyimak
nyimpen,menyimpan
nyindir,menyindir
nyindirin,menyindir
nyinyirin,nyinyir
nyir2,nyinyir
nyo,nya
nyoba,mencoba
nyobain,mencoba
nyok,yuk
nyolong,mencolong
nyolot,menyolot
nyolotinnnn,menyolot
nyta,nyata
nyubit,mencubit
nyubitt,mencubit
nyupir,menyopir
nyusahhin,menyusahkan
nyusahin,menyusahkan
nyusul,menyusul
oalaaaa,walah
ohh,oh
ohhhh,oh
oles2,oles-oles
oma2,oma-oma
omaaaaaaakk,oma
omdo,omong doang
omongin,mengomongkan
omongin,omongkan
ongkiir,ongkir
ongkirr,ongkir
ono,sono
onoh,sono
ooh,oh
oom,om
oooh,oh
oplas,operasi plastik
oprasi,operasi
oprasiya,operasinya
or,orang
orabg,orang
orang",orang-orang
orang"nya,orang-orangnya
orang2,orang-orang
orangg,orang
org,orang
org2,orang-orang
orgny,orangnya
orgtuanya,orang tuanya
ori,orisinal
orlaen,orang lain
orng,orang
orrunya,orang tuanya
ortu,orang tua
ortuny,orang tuanya
ortunya,orang tuanya
otot2,otot-otot
owalaah,walah
owh,oh
pa,apa
pa2,apa-apa
paaak,pak
paati,pasti
pacara,pacaran
pacarane,pacarannya
pacaranya,pacarannya
pacarn,pacaran
pacarnyaa,pacarnya
pacarr,pacar
pacarrr,pacar
padahall,padahal
padahl,padahal
padet,padat
padetan,padatan
padhe,pakde
padhl,padahal
pahalax,pahalanya
pahamin,memahami
pahamin,pahami
pait,pahit
pake,pakai
pakek,pakai
pakke,pakai
paksain,memaksa
paksain,memaksakan
pala,kepala
palgi,apalagi
palinf,paling
palingann,palingan
pan,kapan
pandanginya,memandanginya
panggilan'y,panggilannya
panggilan'ya,panggilannya
panglingg,pangling
pankapan,kapan-kapan
pans,fan
pantes,pantas
pantess,pantas
papahhhnya,papahnya
papiii,papi
para2,parah-parah
paraa,para
paraaah,parah
paraah,parah
parahh,parah
paripurnahh,paripurna
parsis,persis
pas2an,pas-pasan
pasangn,pasangan
pasien"nya,pasien-pasiennya
pass,pas
passs,pas
past,pasti
pastii,pasti
pavorit,favorit
payahh,payah
pcar,pacar
pcaran,pacaran
pcaranya,pacarannya
pcarny,pacarnya
pcran,pacaran
pcrn,pacaran
pcrnya,pacarnya
pd,pada
pd,percaya diri
pda,pada
pdahal,padahal
pdhal,padahal
pdhall,padahal
pdhl,padahal
pdng,padang
pecahhg,pecah
pede,percaya diri
pedes,pedas
pedesssss,pedas
peduliin,mempedulikan
pedulilaaaah,pedulilah
peen,pengin
peengn,pengin
pegang2,pegang-pegang
pegangin,memegang
pelastik,plastik
peleotin,meleot
peliharaaaa,pelihara
pelwak,pelawak
pemainy,pemainnya
pen,pengin
penasaraaann,penasaran
penasarannnn,penasaran
penasarn,penasaran
penbelian,pembelian
pengalam,pengalaman
pengan,pengin
penganten,pengantin
pengeeenn,pengin
pengen,pengin
pengenn,pengin
pengennn,pengin
pengennnn,pengin
penghrgaan,penghargaan
pengikuy,pengikut
pengn,pengin
pengrusak,perusak
pensaran,penasaran
pentass,pentas
pentingg,penting
penyakitny,penyakitnya
penyanyi2,penyanyi-penyanyi
penyebab2,penyebab-penyebab
peragain,peragakan
perasaanny,perasaannya
perbaikin,memperbaiki
perbulannn,perbulan
percya,percaya
perhatiam,perhatian
perhatiin,perhatikan
perilakuny,perilakunya
perjabatt,pejabat
permasalhkan,permasalahkan
perna,pernah
pernikahn,pernikahan
personill,personil
pertamany,pertamanya
pertma,pertama
perubut,perebut
pesen,pesan
petinggi2,petinggi-petinggi
pg,pagi
pgen,pengin
pgi,pagi
pgin,pengin
pgn,pengin
pgnnya,penginnya
pi,tapi
piiiilih,pilih
piiink,pink
pikir",pikir-pikir
pilihannny,pilihannya
pilihnmu,pilihanmu
pilm,film
Pin. 5E8CA768 / Wa. 081322083838 ? produknya aman banget ? ga ada efek samping dan ketergantungan? ,"  Udah dapat sertifikat ? BPOM dan ? Halal MUI juga (y)"""
Pin: D13C5990 / Wa: 089682981123 ? produknya aman banget ? ga ada efek samping dan ketergantungan? ,"  Udah dapat sertifikat ? BPOM dan ? Halal MUI juga (y)"""
pingin,pengin
pinginnn,pengin
pinkkkk,pink
pinter,pintar
pintr,pintar
pipine,pipinya
pipinyaaa,pipinya
pipi'y,pipinya
pjang,pajang
pjg,panjang
pk,pakai
pkai,pakai
pke,pakai
pkee,pakai
pkek,pakai
pkk,pakai
pkoknya,pokoknya
pkoknyaa,pokoknya
pkrin,pikirkan
pla,pula
plampiasannn,pelampiasan
plg,pulang
pling,paling
pljaran,pelajaran
pljrn,pelajaran
plsa,pulsa
pluk,peluk
pmbantu,pembantu
pmbelajaran,pembelajaran
pmbyran,pembayaran
pndah,pindah
pndang,pandang
pndapat,pendapat
pngen,pengin
pngenn,pengin
pngn,pengin
pnjang,panjang
pnjerumus,penjerumus
pnjng,panjang
pnjual,penjual
pnting,penting
pnuh,penuh
pny,punya
pnya,punya
pnyaa,punya
poko,pokok
pokok'a,pokoknya
pokonya,pokoknya
polll,pol
pollll,pol
ponakn,ponakan
poollll,pol
poool,pol
poooolllll,pol
positippp,positif
ppa,papa
praktekin,mempraktikkan
prasaan,perasaan
prawatan,perawatan
prcuma,percuma
prcy,percaya
prcya,percaya
prempuan,perempuan
prh,parah
prhatian,perhatian
prinadi,pribadi
prjuangan,perjuangan
prlu,perlu
prmpuan,perempuan
prnah,pernah
prnh,pernah
prodac,produk
prodak,produk
prodaknya,produknya
promil,program hamil
promoo,promo
protestin,protestan
prsatukn,persatukan
prtamax,pertamanya
prwatn,perawatan
prwtn,perawatan
ps,pas
psangan,pasangan
psgn,pasangan
pst,pasti
psti,pasti
pu,punya
pucing,pusing
pukulin,pukuli
pulaa,pula
pulak,pula
punn,pun
punyaaa,punya
pura2,pura-pura
pusingggg,pusing
putihh,putih
putihnyaa,putihnya
px,punya
py,punya
pyudara,payudara
q,aku
q,ku
qaqaaaa,kakak
qm,kamu
qmu,kamu
qo,kok
qt,kita
qta,kita
qu,ku
rajin2,rajin-rajin
rame2,rame-rame
rana,ranah
rapih,rapi
rasaiin,rasai
rasain,merasai
rasain,rasai
rasakn,rasakan
rata2,rata-rata
rb,ribu
recomendasinya,rekomendasinya
recommendasi,rekomendasi
redho,ridho
rekomendain,rekomendasikan
rekomendasiiin,merekomendasikan
rekomendasiin,merekomendasikan
rekomendasiin,rekomendasikan
rekomndd,rekomendasi
relaaaa,rela
remang2,remang-remang
rempong,repot
repong,repot
repot2,repot-repot
rezeqinya,rezekinya
rezki,rezeki
ributin,meributkan
rinduuuuuuu,rindu
rinduuuuuuuuu,rindu
rinduuuuuuuuuu,rindu
rmbt,rambut
rmbut,rambut
rmbutnya,rambutnya
rmbuut,rambut
rmh,rumah
romantisny,romatisnya
romantiss,romantis
romantiz,romantis
romntis,romantis
rpt2,repot-repot
rumh,rumah
rumpiin,rumpi
rupa2nya,rupa-rupanya
rusakkk,rusak
s*inetr*n,sinetron
s,si
s,sih
s3ndiri,sendiri
saat2,saat-saat
saayyyyy,say
sabaarrr,sabar
sabal,sabar
sabaro,sabar
sabarrr,sabar
sabarrrrr,sabar
sadis2,sadis-sadis
sahabatt,sahabat
salaam,salam
salahin,salahkan
salammmm,salam
salehah,salihah
salfok,salah fokus
salluutt,salut
saltummmm,salah kostum
sam,sama
sama",sama-sama
sama2,sama-sama
samaa,sama
samaaaa,sama
samara,sakinah mawadah rahman
samoga,semoga
sampai2,sampai-sampai
sampe,sampai
sampein,sampaikan
sampek,sampai
sampis,sampah habis
sampw,sampai
sangaaattt,sangat
sangat2,sangat-sangat
sangattt,sangat
sanggat,sangat
sangt,sangat
santab,santap
sapa2,sapa-sapa
saranin,menyarankan
saranin,sarankan
sasama,sesama
satupunn,satupun
satuu,satu
satuuuuu,satu
saudra,saudara
say,sayang
saya2,saya-saya
sayaa,saya
sayaang,sayang
sayangg'',sayang-sayang
sayanggg,sayang
sayangggq,sayangku
sayangkuh,sayangku
sayangkuuuuu,sayangku
sayangx,sayangnya
sayy,sayang
sayyy,say
sbagai,sebagai
sbaiknya,sebaiknya
sbb,sebab
sbbrnya,sebenarnya
sbbyak,sebanyak
sbelah,sebelah
sbelum,sebelum
sbenernya,sebenarnya
sbg,sebagai
sbgai,sebagai
sbhabat,sahabat
sblah,sebelah
sblh,sebelah
sblm,sebelum
sblmny,sebelumnya
sblmnya,sebelumnya
sblum,sebelum
sbnarnya,sebenarnya
sbnrny,sebenarnya
sbnyak,sebanyak
sbr,sabar
sbuah,sebuah
sby,surabaya
scpatny,secepatnya
scr,secara
scra,secara
sdah,sudah
sdg,sedang
sdgkn,sedangkan
sdh,sudah
sdkit,sedikit
sdkit2,sedikit-sedikit
sdkt,sedikit
sdri,sendiri
seandainy,seandainya
sebaik",sebaik-baik
sebelum2nya,sebelum-sebelumnya
sebelumbya,sebelumnya
sebenernya,sebenarnya
sebnyak,sebanyak
seburuk",seburuk-buruk
seburuk2,seburuk-buruk
sedangkn,sedangkan
sedihh,sedih
sedihhh,sedih
sedikitlaahh,sedikitlah
see,sih
seeeemua,semua
seeh,sih
seehh,sih
segala"ny,segala-galanya
segala2nya,segala-galanya
seger,segar
segerr,segar
segerrrr,segar
segitunya,sebegitunya
segtu,sebegitu
seh,sih
seharusny,seharusnya
sehat2,sehat-sehat
sehh,sih
seindonesiyah,seindonesia
sekaeang,sekarang
sekali2,sekali-kali
sekalii,sekali
sekaliiii,sekali
sekaliiiii,sekali
sekangen2,sekangen-kangen
sekarng,sekarang
seklian,sekalian
sekolahin,sekolahkan
sekrang,sekarang
sekrng,sekarang
seksii,seksi
selaloe,selalu
selaluu,selalu
sellow,selow
selmat,selamat
selmnya,selamanya
selmt,selamat
seluru,seluruh
semangaatt,semangat
semangaatttt,semangat
semangatt,semangat
semangattt,semangat
sembuhin,menyembuhkan
sembunyi"",sembunyi-sembunyi
semngat,semangat
semogaa,semoga
sempet,sempat
sempurnaa,sempurna
sempurnaaaaa,sempurna
Semua ada disini tuk keperluan Fashion,"tas & Sepatu.."""
semuaaa,semua
semuannyaaa,semuanya
semuanyaa,semuanya
semuanyaaaa,semuanya
senang2,senang-senang
senangat,semangat
sendeng,senang
sendirii,sendiri
sendirinnya,sendirinya
sendirinyya,sendirinya
sendirir,sendiri
sendri,sendiri
seneeeeeng,senang
seneng,senang
senengg,senang
senenggg,senang
senengin,senangi
senyumin,senyumi
senyumna,senyumnya
seorg,seorang
serasiii,serasi
serem",seram-seram
serem,seram
serem2,seram-seram
sering2,sering-sering
seru2,seru-seru
seru2an,seru-seruan
seruu,seru
seruuu,seru
sesatt,sesat
sesekk,sesak
setabil,stabil
setelur2nya,setelur-telurnya
seterong,setrong
setju,setuju
setujuuu,setuju
setujuuuu,setuju
sewain,menyewa
sexi,seksi
sexi2,seksi-seksi
sexxi,seksi
sey,sih
sgampang,segampang
sgla,segala
sgt,sangat
sgtu,sebegitu
sgtu'y,sebegitunya
shaaaay,say
shaay,say
shabat,sahabat
sharusnya,seharusnya
shat,sehat
shay,say
shayy,say
shayyy,say
shbat,sahabat
shbt,sahabat
sholihah,salihah
si,sih
sia2kan,sia-siakan
siapa2,siapa-siapa
siapaa,siapa
siapayahh,siapa ya
siappa,siapa
sibukx,sibuknya
sich,sih
sichh,sih
sichhhhhhhhhh,sih
sie,sih
sihat,sehat
sihh,sih
sihhh,sih
sihhhh,sih
sii,sih
siih,sih
siihh,sih
siihhh,sih
siiih,sih
siiihh,sih
siiihhh,sih
siiiiiiippppppppp,sip
siip,sip
siipp,sip
siippp,sip
sikap",sikap-sikap
silahkan,silakan
silahkn,silakan
silauuu,silau
silsturahmi,silaturahmi
simpen,simpan
sinet,sinetron
sintron,sinetron
sipiit,sipit
sipp,sip
siriik,sirik
sirikk,sirik
sisain,menyisakan
sista2,sista-sista
sitayngin,ditayangkan
sj,saja
sja,saja
sjk,sejak
sk,suka
ska,suka
skali,sekali
skali2,sekali-kali
skaligus,sekaligus
skalii,sekali
skarang,sekarang
skedar,sekadar
skg,sekarang
skit,sakit
skitar,sekitar
sklh,sekolah
skli,sekali
sklinyaa,sekalinya
skluarga,sekeluarga
skolah,sekolah
skr,sekarang
skrang,sekarang
skrg,sekarang
skrng,sekarang
skrngnya,sekarangnya
skrnh,sekarang
skt,sakit
sktika,seketika
sktlrang,sekarang
slah,salah
slahkan,salahkan
slalu,selalu
s'lalu,selalu
slaluuuuu,selalu
slam,salam
slama,selama
slamat,selamat
slamet,selamat
slamt,selamat
slh,salah
slhkan,salahkan
sling,saling
sll,selalu
sllu,selalu
slm,salam
slmat,selamat
slmnya,salamnya
slmt,selamat
slmttt,selamat
slw,selow
sm,sama
sm2,sama-sama
sma,sama
sma2,sama-sama
smakin,semakin
smangat,semangat
smbil,sambil
smentara,sementara
smg,semoga
smga,semoga
smgaa,semoga
smkin,semakin
smnagatin,menyemangati
smngat,semangat
smnjak,semenjak
smog,semoga
smoga,semoga
smogaaa,semoga
smp,sampai
smpai,sampai
smpe,sampai
smpt,sempat
smrg,semarang
smster,semester
smua,semua
smuaaa,semua
smulla,semula
smvk,sempak
smw,semua
sna,sana
sndiri,sendiri
sndr,sendiri
sndri,sendiri
sneng,senang
sngaja,sengaja
sngt,sangat
so,sok
soalx,soalnya
soal'y,soalnya
soga,moga
sok2,sok-sok
sok2an,sok-sokan
sokk,sok
sotoy,sok tau
sp,sapa
sp,siapa
sperti,seperti
spertinya,sepertinya
sprt,seperti
sprti,seperti
spt,seperti
spti,seperti
spy,supaya
srng,sering
srpti,seperti
srruu,seru
srta,serta
ssorg,seseorang
sstu,sesuatu
staf2nya,staf-stafnya
stagahhhh,astaga
statusx,statusnya
steess,stres
stelah,setelah
stiap,setiap
stidaknya,setidaknya
stimpal,setimpal
stju,setuju
stlh,setelah
stp,setiap
stress,stres
sttus,status
stu,satu
stuju,setuju
suamiii,suami
suamiiiii,suami
suaminga,suaminya
suaminy,suaminya
suami'y,suaminya
suaranyaa,suaranya
suaranyaaaaaa,suaranya
suaraynyaa,suaranya
suarranya,suaranya
subahanallah,subhanallah
subhanaallahh,subhanallah
subhanallahhh,subhanallah
subhanalloh,subhanallah
subhannallah,subhanallah
subhnallah,subhanallah
suces,sukses
sucses,sukses
sud,sudah
suda,sudah
sudab,sudah
sudh,sudah
suerrr,suer
suipit,sipit
suk,suka
suka.a,sukanya
suka2,suka-suka
sukaa,suka
sukaaa,suka
sukaaaa,suka
sukaaaaaa,suka
sukaaak,suka
sukak,suka
sukakkk,suka
sukam,suka
sukkaa,suka
suko,suka
sukse,sukses
suksea,sukses
suksess,sukses
sukur2,sukur-sukur
sumai,suami
sumpahh,sumpah
sumpeh,sumpah
sumvahh,sumpah
sunah2,sunah-sunah
sunggu,sungguh
sungguh2,sungguh-sungguh
supeer,super
surgaa,surga
suru,suruh
sweger,segar
swmntara,sementara
sy,saya
sya,saya
syang,sayang
syantiek,cantik
syantiiiiikkkkkkkkkkkk,cantik
syantik,cantik
syediih,sedih
syediiihhh,sedih
syekaliii,sekali
syg,sayang
sygkuu,sayangku
syirik",syirik-syirik
syng,sayang
syngnya,sayangnya
synk,sayang
syp,siapa
sypa,siapa
syratnya,syaratnya
syukaaakkk,suka
t4,tempat
taek,tahi
taekk,tahi
tah,teh
tahannn,tahan
tahun",tahun-tahun
tahun2,tahun-tahun
tai,tahi
taiiii,tahi
taik,tahi
takuttt,takut
takuuuuut,takut
tambahh,tambah
tambahim,tambahkan
tambahin,tambahkan
tambh,tambah
tampialannya,tampilannya
tamvann,tampan
tanda2nya,tanda-tandanya
tanggung2,tanggung-tanggung
tangkep,tangkap
tante",tante-tante
tante2,tante-tante
tantee,tante
tanteny,tantenya
tanya2,tanya-tanya
tanyain,tanyakan
tanyang,tayang
taon,tahun
tap8,tapi
tapii,tapi
tapo,tapi
tappi,tapi
tar,entar
tau2,tau-tau
taun,tahun
tauu,tau
tauuu,tau
tauuuu,tau
tauuuuu,tau
taux,taunya
taw,tau
tay,tahi
tayik,tahi
taz,atas
tbuh,tubuh
td,tadi
tdak,tidak
tdi,tadi
tdk,tidak
tdnya,tadinya
tdr,tidur
tdung,tudung
tdur,tidur
tebel,tebal
tebir",ribet-ribet
tebir,ribet
tegaar,tegar
teguran2,teguran-teguran
tehh,teh
tehhh,teh
tehhhh,teh
telaatt,telat
telefisi,televisi
telimakacih,terima kasih
teman"ny,teman-temannya
teman2,teman-teman
tembemmm,tembem
tembokk,tembok
temen",teman-teman
temen,teman
temen2,teman-teman
temenan,berteman
temenkuuh,temanku
temenn,teman
temennya,temannya
temen-temen,teman-teman
tempat2,tempat-tempat
tempt,tempat
tengah2,tengah-tengah
tengaj,tengah
tenggah,tengah
tenny,tenang
tentanh,tentang
terangkhn,terangkan
terbaeeeek,terbaik
terbaeq,terbaik
terbaiiikkkkk,terbaik
terbaikkk,terbaik
terburu2,terburu-buru
terhaaru,terharu
terharuuu,terharu
terharuuuu,terharu
terimaksih,terima kasih
teringt,teringat
terjrumus,terjerumus
terkenall,terkenal
termiribkan,termiripkan
termuraaahhhh,termurah
termurahhh,termurah
termurahhhh,termurah
ternodain,ternodai
ternyataa,ternyata
terong2an,terong-terongan
terossss,terus
terrrrbaik,terbaik
teru,terus
terus"an,terus-terusan
terus2an,terus-terusan
teruss,terus
terusss,terus
teruuss,terus
teruz,terus
teruzzz,terus
testi,testimoni
testinya,testimoninya
tetaplaah,tetaplah
tetapppp,tetap
tetehh,teteh
tetep,tetap
tetp,tetap
teyuss,terus
tgk,tengok
tgl,tanggal
th,tahu
th,tahun
th,teh
th2,tahun-tahun
than,tahan
thdp,terhadap
therchakitty,tersakiti
thn,tahun
thnan,tahunan
thu,itu
thu,tuh
thun,tahun
tiba2,tiba-tiba
tidak_baku,kata_baku
tidakkkk,tidak
tiga2nya,tiga-tiganya
tikung2,tikung-tikung
tingal,tinggal
tinggalin,tinggalkan
tinggalkn,tinggalkan
tinggall,tinggal
tinggl,tinggal
tipe2,tipe-tipe
tips2,tips-tips
tipu2nya,tipu-tipunya
tium,cium
tk,tak
tkut,takut
tlg,tolong
tlog,tolong
tlp,telepon
tlsn,tulisan
tlvn,telepon
tman,teman
tmbah,tambah
tmbh,tambah
tmbm,tembam
tmen,teman
tmn,teman
tmn2,teman-teman
tmn2nya,teman-temannya
tmpt,tempat
tnang,tenang
tnggl,tanggal
tnggu,tunggu
tngh,tengah
tnp,tanpa
tnpa,tanpa
tntg,tentang
tntram,tentram
tnya,tanya
to,tapi
tohh,toh
tokayyy,tahi
toketnya,teteknya
tolernsi,toleransi
toloollll,tolol
tongolin,menongol
tot,entot
tp,tapi
tpi,tapi
tpii,tapi
tpy,tapi
trasa,terasa
trbaik,terbaik
trbaikk,terbaik
trbukti,terbukti
trganggu,terganggu
trhtung,terhitung
trima,terima
trims,terima kasih
trjadi,terjadi
trjd,terjadi
trknal,terkenal
trkrim,terkirim
trlalu,terlalu
trlihat,terlihat
trll,terlalu
trmanis,termanis
trmasuk,termasuk
trmsuk,termasuk
trnyata,ternyata
troma,trauma
trpsah,terpisah
trrharu,terharu
trs,terus
trsa,terasa
trserah,terserah
trserh,terserah
trsrh,terserah
trun,turun
trus,terus
trusan.a,terusannya
trusss,terus
trussss,terus
trutama,terutama
tsb,tersebut
ttap,tetap
tteh,teteh
ttep,tetap
ttg,tentang
tth,teteh
ttinggi,tinggi
ttp,tetap
tu,itu
tua2,tua-tua
tuany,tuanya
tuch,tuh
tuhanny,tuhannya
tuhh,tuh
tuhhh,tuh
tuk,untuk
tukan,tukang
tullus,tulus
tumpe2,tumpah-tumpah
tunggu2,tunggu-tunggu
tunjukan,tunjukkan
tunjukin,tunjukkan
tutorialx,tutorialnya
tutupin,menutupi
tuu,tuh
tuuh,tuh
tuuu,itu
tuuuuh,tuh
tuwanya,tuanya
tuwek,tua
tw,tau
tx,tak
u,lu
u,untuk
uaaasssiiiik,asik
ubur2,ubur-ubur
ucapin,mengucapkan
ucul,lucu
ucull,lucu
ucullllll,lucu
ud,sudah
uda,sudah
udah,sudah
udah2,sudah-sudah
udahh,sudah
udahlah,sudahlah
udeh,sudah
udehh,sudah
udh,sudah
uga,juga
ugaaa,juga
ugha,juga
ughaa,juga
uhh,uh
uhhh,uh
uih,uh
uitnya,duitnya
ujg,ujung
ujung2,ujung-ujung
ujunggg,ujung
ulan,ulang
ultahe,ultahnya
ultha,ultah
undangan2,undangan-undangan
ungkapin,ungkapkan
ungkit2,ungkit-ungkit
univ,universitas
untk,untuk
unyu2,unyu-unyu
unyuu,unyu
unyuuk,unyu
urat2nya,urat-uratnya
ursan,urusan
urusanny,urusannya
urusin,mengurusi
urusin,urus
urusn,urusan
usa,usah
usahh,usah
ush,usah
ustzah,ustazah
utk,untuk
utkmu,untukmu
uuh,uh
uuhh,uh
uuhhh,uh
uuuuuaaaaaaaaaappppppppppiiiiiiiiiiiiiiiiiikkkkkkkkkkkkkkkk,apik
uwahhhhh,wah
uwakk,uwak
uwee,gue
uztad,ustad
w,gue
WA:081210238087",abreviasi
WA:081210238087",afiksasi
WA:081210238087",anaptiksis
WA:081210238087",modifikasi vokal
WA:081210238087",monoftongisasi
WA:081210238087",zeroisasi
waaa,wah
waaaaw,wow
waaahhh,wah
waaaww,wow
waaawwww,wow
waah,wah
wadaaw,waduh
wado,waduh
waduhh,waduh
waduhhh,waduh
waduuuuh,waduh
wahh,wah
wahhh,wah
wahhhhhh,wah
wajarrr,wajar
wajiiib,wajib
waktunyaaa,waktunya
walik,balik
wanitah,wanita
wanjerrr,anjir
wanjiir,anjir
waoohhh,wah
warbiyasah,luar biasa
warkop,warung kopi
warnaaa,warna
warnany,warnanya
waw,wow
waww,wow
wawwwww,wow
wdooohhh,waduh
weeeh,wih
week,wig
wenak,enak
wenakk,enak
wewww,wow
widihh,idih
widihh,waduh
wihh,wih
wihhh,wih
wihhhhhh,wih
wiih,wih
wiiiihhhh,wih
wiiiihhhhhhhhh,wih
wik,wig
wjh,wajah
wk,waktu
wkt,waktu
wktu,waktu
wktunya,waktunya
wlau,walau
wlaupun,walaupun
wlawpun,walaupun
wlo,walau
wlwpun,walaupun
woey,woy
woles,selow
wong2,wong-wong
woooiiiii,woy
woooiiiiiiii,woy
wooow,wow
wooowww,wow
woooyy,woy
woow,wow
woowwww,wow
wota2,wota-wota
wouww,wow
wowoooww,wow
woww,wow
wowww,wow
wowwww,wow
wowwwww,wow
woyyy,woy
wrn,warna
wuastagah,astaga
x,kali
xlian,kalian
y,nya
y,saya
y,ya
yaa,ya
yaaa ,ya
yaaa,ya
yaaaa,ya
yaaaaaa,ya
yaaah,ya
yaaampunnn,ya ampun
yaaang,yang
yaah,ya
yaahh,ya
yaahhh,ya
yaak,ya
yaakk,ya
yaakkk,ya
yaampuuuunnnn,ya ampun
yaang,yang
yach,ya
yachhh,ya
yaelahhh,alah
yah,ya
yahbh,ya
yahh,ya
yahhh,ya
yahhhh,ya
yak,ya
yakaliiiii,yakali
yakinn,yakin
yakk,ya
yam,ya
yanckh,yang
yank,sayang
yankkk,sayang
yaoloh,yaallah
yaolohh,ya allah
yap,ya
yapp,ya
yappp,ya
yaudh,ya sudah
yawlah,ya allah
yawloh,ya allah
yayang,sayang
yee,ya
yeee,ya
yeeee,ya
yep,ya
yeuh,ya
yg,yang
ygs,sayang
yh,ya
yha,ya
yhaaa,ya
yng,yang
ynk,sayang
yo,ya
yoiii,yoi
yoiiu,yoi
yok,yuk
yokk,yuk
yokkk,yuk
yoo,ayo
yoo,ya
yook,yuk
yoooiii,yoi
yoookkkk,yuk
yooookkk,yuk
yooow,ya
yq,yang
ysh,ya
yu,yuk
yuh,tuh
yukk,yuk
yukkk,yuk
yukkkk,yuk
yuks,yuk
yukss,yuk
yup,ya
yuppss,ya
yuu,yuk
yuuk,yuk
yuukk,yuk
yuuks,yuk
yuuu,yuk
yuuuk,yuk
yuuuuk,yuk
yuuuukkk,yuk
yuwkkk,yuk
yya,ya
yyaaa,ya
z,saja
za,saja
zama,zaman

